ISO-10303-21;
HEADER;
/* Generated by software containing ST-Developer
 * from STEP Tools, Inc. (www.steptools.com) 
 */
/* OPTION: using custom renumber hook */

FILE_DESCRIPTION(
/* description */ ('STEP AP242 Edition 2',
'CAx-IF Rec.Pracs.---Representation and Presentation of Product Manufa
cturing Information (PMI)---4.0---2014-10-13',
'CAx-IF Rec.Pracs.---3D Tessellated Geometry---0.4---2014-09-14','2;1',
'CAx-IF Rec.Pracs.---User Defined Attributes---1.5---2016-08-15'),
/* implementation_level */ '2;1');

FILE_NAME(
/* name */ 'Part Studio 1 - Part 2',
/* time_stamp */ '2026-04-10T12:44:43Z',
/* author */ (''),
/* organization */ (''),
/* preprocessor_version */ 'ST-DEVELOPER v20',
/* originating_system */ 'ONSHAPE BY PTC INC, 1.213',
/* authorisation */ '  ');

FILE_SCHEMA (('AP242_MANAGED_MODEL_BASED_3D_ENGINEERING_MIM_LF { 1 0 10303 442 3 1 4 }'));
ENDSEC;

DATA;
#10=SHAPE_REPRESENTATION_RELATIONSHIP('','',#1657,#11);
#11=ADVANCED_BREP_SHAPE_REPRESENTATION('',(#1655),#2795);
#12=LINE('',#2339,#166);
#13=LINE('',#2343,#167);
#14=LINE('',#2347,#168);
#15=LINE('',#2349,#169);
#16=LINE('',#2352,#170);
#17=LINE('',#2354,#171);
#18=LINE('',#2356,#172);
#19=LINE('',#2360,#173);
#20=LINE('',#2364,#174);
#21=LINE('',#2366,#175);
#22=LINE('',#2368,#176);
#23=LINE('',#2372,#177);
#24=LINE('',#2376,#178);
#25=LINE('',#2378,#179);
#26=LINE('',#2380,#180);
#27=LINE('',#2384,#181);
#28=LINE('',#2388,#182);
#29=LINE('',#2391,#183);
#30=LINE('',#2393,#184);
#31=LINE('',#2397,#185);
#32=LINE('',#2401,#186);
#33=LINE('',#2403,#187);
#34=LINE('',#2405,#188);
#35=LINE('',#2407,#189);
#36=LINE('',#2408,#190);
#37=LINE('',#2410,#191);
#38=LINE('',#2414,#192);
#39=LINE('',#2421,#193);
#40=LINE('',#2425,#194);
#41=LINE('',#2427,#195);
#42=LINE('',#2429,#196);
#43=LINE('',#2431,#197);
#44=LINE('',#2435,#198);
#45=LINE('',#2439,#199);
#46=LINE('',#2441,#200);
#47=LINE('',#2443,#201);
#48=LINE('',#2447,#202);
#49=LINE('',#2451,#203);
#50=LINE('',#2453,#204);
#51=LINE('',#2455,#205);
#52=LINE('',#2459,#206);
#53=LINE('',#2466,#207);
#54=LINE('',#2470,#208);
#55=LINE('',#2472,#209);
#56=LINE('',#2474,#210);
#57=LINE('',#2476,#211);
#58=LINE('',#2480,#212);
#59=LINE('',#2484,#213);
#60=LINE('',#2486,#214);
#61=LINE('',#2488,#215);
#62=LINE('',#2492,#216);
#63=LINE('',#2496,#217);
#64=LINE('',#2498,#218);
#65=LINE('',#2500,#219);
#66=LINE('',#2504,#220);
#67=LINE('',#2511,#221);
#68=LINE('',#2515,#222);
#69=LINE('',#2517,#223);
#70=LINE('',#2519,#224);
#71=LINE('',#2521,#225);
#72=LINE('',#2525,#226);
#73=LINE('',#2529,#227);
#74=LINE('',#2531,#228);
#75=LINE('',#2533,#229);
#76=LINE('',#2537,#230);
#77=LINE('',#2541,#231);
#78=LINE('',#2543,#232);
#79=LINE('',#2545,#233);
#80=LINE('',#2549,#234);
#81=LINE('',#2556,#235);
#82=LINE('',#2560,#236);
#83=LINE('',#2562,#237);
#84=LINE('',#2564,#238);
#85=LINE('',#2566,#239);
#86=LINE('',#2570,#240);
#87=LINE('',#2574,#241);
#88=LINE('',#2576,#242);
#89=LINE('',#2578,#243);
#90=LINE('',#2582,#244);
#91=LINE('',#2586,#245);
#92=LINE('',#2588,#246);
#93=LINE('',#2590,#247);
#94=LINE('',#2594,#248);
#95=LINE('',#2598,#249);
#96=LINE('',#2606,#250);
#97=LINE('',#2610,#251);
#98=LINE('',#2616,#252);
#99=LINE('',#2620,#253);
#100=LINE('',#2622,#254);
#101=LINE('',#2624,#255);
#102=LINE('',#2626,#256);
#103=LINE('',#2630,#257);
#104=LINE('',#2634,#258);
#105=LINE('',#2636,#259);
#106=LINE('',#2638,#260);
#107=LINE('',#2642,#261);
#108=LINE('',#2646,#262);
#109=LINE('',#2648,#263);
#110=LINE('',#2650,#264);
#111=LINE('',#2654,#265);
#112=LINE('',#2661,#266);
#113=LINE('',#2665,#267);
#114=LINE('',#2667,#268);
#115=LINE('',#2669,#269);
#116=LINE('',#2671,#270);
#117=LINE('',#2675,#271);
#118=LINE('',#2679,#272);
#119=LINE('',#2684,#273);
#120=LINE('',#2687,#274);
#121=LINE('',#2688,#275);
#122=LINE('',#2690,#276);
#123=LINE('',#2692,#277);
#124=LINE('',#2694,#278);
#125=LINE('',#2698,#279);
#126=LINE('',#2705,#280);
#127=LINE('',#2709,#281);
#128=LINE('',#2711,#282);
#129=LINE('',#2713,#283);
#130=LINE('',#2715,#284);
#131=LINE('',#2719,#285);
#132=LINE('',#2723,#286);
#133=LINE('',#2725,#287);
#134=LINE('',#2727,#288);
#135=LINE('',#2731,#289);
#136=LINE('',#2735,#290);
#137=LINE('',#2737,#291);
#138=LINE('',#2739,#292);
#139=LINE('',#2743,#293);
#140=LINE('',#2747,#294);
#141=LINE('',#2748,#295);
#142=LINE('',#2750,#296);
#143=LINE('',#2751,#297);
#144=LINE('',#2753,#298);
#145=LINE('',#2754,#299);
#146=LINE('',#2756,#300);
#147=LINE('',#2757,#301);
#148=LINE('',#2759,#302);
#149=LINE('',#2760,#303);
#150=LINE('',#2762,#304);
#151=LINE('',#2763,#305);
#152=LINE('',#2765,#306);
#153=LINE('',#2766,#307);
#154=LINE('',#2772,#308);
#155=LINE('',#2773,#309);
#156=LINE('',#2774,#310);
#157=LINE('',#2775,#311);
#158=LINE('',#2777,#312);
#159=LINE('',#2779,#313);
#160=LINE('',#2781,#314);
#161=LINE('',#2783,#315);
#162=LINE('',#2786,#316);
#163=LINE('',#2788,#317);
#164=LINE('',#2790,#318);
#165=LINE('',#2792,#319);
#166=VECTOR('',#1859,1.);
#167=VECTOR('',#1862,1.);
#168=VECTOR('',#1865,1.);
#169=VECTOR('',#1868,1.);
#170=VECTOR('',#1869,1.);
#171=VECTOR('',#1870,1.);
#172=VECTOR('',#1871,1.);
#173=VECTOR('',#1876,1.);
#174=VECTOR('',#1881,1.);
#175=VECTOR('',#1882,1.);
#176=VECTOR('',#1883,1.);
#177=VECTOR('',#1888,1.);
#178=VECTOR('',#1893,1.);
#179=VECTOR('',#1894,1.);
#180=VECTOR('',#1895,1.);
#181=VECTOR('',#1900,1.);
#182=VECTOR('',#1905,1.);
#183=VECTOR('',#1906,1.);
#184=VECTOR('',#1907,1.);
#185=VECTOR('',#1910,1.);
#186=VECTOR('',#1913,1.);
#187=VECTOR('',#1914,1.);
#188=VECTOR('',#1915,1.);
#189=VECTOR('',#1916,1.);
#190=VECTOR('',#1917,1.);
#191=VECTOR('',#1918,1.);
#192=VECTOR('',#1921,1.);
#193=VECTOR('',#1928,1.);
#194=VECTOR('',#1931,1.);
#195=VECTOR('',#1934,1.);
#196=VECTOR('',#1935,1.);
#197=VECTOR('',#1936,1.);
#198=VECTOR('',#1941,1.);
#199=VECTOR('',#1946,1.);
#200=VECTOR('',#1947,1.);
#201=VECTOR('',#1948,1.);
#202=VECTOR('',#1953,1.);
#203=VECTOR('',#1958,1.);
#204=VECTOR('',#1959,1.);
#205=VECTOR('',#1960,1.);
#206=VECTOR('',#1965,1.);
#207=VECTOR('',#1972,1.);
#208=VECTOR('',#1975,1.);
#209=VECTOR('',#1978,1.);
#210=VECTOR('',#1979,1.);
#211=VECTOR('',#1980,1.);
#212=VECTOR('',#1985,1.);
#213=VECTOR('',#1990,1.);
#214=VECTOR('',#1991,1.);
#215=VECTOR('',#1992,1.);
#216=VECTOR('',#1997,1.);
#217=VECTOR('',#2002,1.);
#218=VECTOR('',#2003,1.);
#219=VECTOR('',#2004,1.);
#220=VECTOR('',#2009,1.);
#221=VECTOR('',#2016,1.);
#222=VECTOR('',#2019,1.);
#223=VECTOR('',#2022,1.);
#224=VECTOR('',#2023,1.);
#225=VECTOR('',#2024,1.);
#226=VECTOR('',#2029,1.);
#227=VECTOR('',#2034,1.);
#228=VECTOR('',#2035,1.);
#229=VECTOR('',#2036,1.);
#230=VECTOR('',#2041,1.);
#231=VECTOR('',#2046,1.);
#232=VECTOR('',#2047,1.);
#233=VECTOR('',#2048,1.);
#234=VECTOR('',#2053,1.);
#235=VECTOR('',#2060,1.);
#236=VECTOR('',#2063,1.);
#237=VECTOR('',#2066,1.);
#238=VECTOR('',#2067,1.);
#239=VECTOR('',#2068,1.);
#240=VECTOR('',#2073,1.);
#241=VECTOR('',#2078,1.);
#242=VECTOR('',#2079,1.);
#243=VECTOR('',#2080,1.);
#244=VECTOR('',#2085,1.);
#245=VECTOR('',#2090,1.);
#246=VECTOR('',#2091,1.);
#247=VECTOR('',#2092,1.);
#248=VECTOR('',#2097,1.);
#249=VECTOR('',#2102,1.);
#250=VECTOR('',#2103,1.);
#251=VECTOR('',#2106,1.);
#252=VECTOR('',#2113,1.);
#253=VECTOR('',#2116,1.);
#254=VECTOR('',#2117,1.);
#255=VECTOR('',#2118,1.);
#256=VECTOR('',#2119,1.);
#257=VECTOR('',#2124,1.);
#258=VECTOR('',#2129,1.);
#259=VECTOR('',#2130,1.);
#260=VECTOR('',#2131,1.);
#261=VECTOR('',#2136,1.);
#262=VECTOR('',#2141,1.);
#263=VECTOR('',#2142,1.);
#264=VECTOR('',#2143,1.);
#265=VECTOR('',#2148,1.);
#266=VECTOR('',#2155,1.);
#267=VECTOR('',#2158,1.);
#268=VECTOR('',#2161,1.);
#269=VECTOR('',#2162,1.);
#270=VECTOR('',#2163,1.);
#271=VECTOR('',#2168,1.);
#272=VECTOR('',#2173,1.);
#273=VECTOR('',#2176,1.);
#274=VECTOR('',#2179,1.);
#275=VECTOR('',#2180,1.);
#276=VECTOR('',#2183,1.);
#277=VECTOR('',#2184,1.);
#278=VECTOR('',#2185,1.);
#279=VECTOR('',#2190,1.);
#280=VECTOR('',#2197,1.);
#281=VECTOR('',#2200,1.);
#282=VECTOR('',#2203,1.);
#283=VECTOR('',#2204,1.);
#284=VECTOR('',#2205,1.);
#285=VECTOR('',#2210,1.);
#286=VECTOR('',#2215,1.);
#287=VECTOR('',#2216,1.);
#288=VECTOR('',#2217,1.);
#289=VECTOR('',#2222,1.);
#290=VECTOR('',#2227,1.);
#291=VECTOR('',#2228,1.);
#292=VECTOR('',#2229,1.);
#293=VECTOR('',#2234,1.);
#294=VECTOR('',#2239,1.);
#295=VECTOR('',#2240,1.);
#296=VECTOR('',#2243,1.);
#297=VECTOR('',#2244,1.);
#298=VECTOR('',#2247,1.);
#299=VECTOR('',#2248,1.);
#300=VECTOR('',#2251,1.);
#301=VECTOR('',#2252,1.);
#302=VECTOR('',#2255,1.);
#303=VECTOR('',#2256,1.);
#304=VECTOR('',#2259,1.);
#305=VECTOR('',#2260,1.);
#306=VECTOR('',#2263,1.);
#307=VECTOR('',#2264,1.);
#308=VECTOR('',#2275,1.);
#309=VECTOR('',#2276,1.);
#310=VECTOR('',#2277,1.);
#311=VECTOR('',#2278,1.);
#312=VECTOR('',#2281,1.);
#313=VECTOR('',#2284,1.);
#314=VECTOR('',#2287,1.);
#315=VECTOR('',#2290,1.);
#316=VECTOR('',#2295,1.);
#317=VECTOR('',#2298,1.);
#318=VECTOR('',#2301,1.);
#319=VECTOR('',#2304,1.);
#320=B_SPLINE_CURVE_WITH_KNOTS('',3,(#2333,#2334,#2335,#2336),
 .UNSPECIFIED.,.F.,.F.,(4,4),(0.,0.000384663136834742),.UNSPECIFIED.);
#321=B_SPLINE_CURVE_WITH_KNOTS('',3,(#2601,#2602,#2603,#2604),
 .UNSPECIFIED.,.F.,.F.,(4,4),(0.,0.000607635333120261),.UNSPECIFIED.);
#322=PLANE('',#1662);
#323=PLANE('',#1666);
#324=PLANE('',#1670);
#325=PLANE('',#1674);
#326=PLANE('',#1678);
#327=PLANE('',#1682);
#328=PLANE('',#1686);
#329=PLANE('',#1690);
#330=PLANE('',#1698);
#331=PLANE('',#1702);
#332=PLANE('',#1706);
#333=PLANE('',#1713);
#334=PLANE('',#1717);
#335=PLANE('',#1721);
#336=PLANE('',#1728);
#337=PLANE('',#1732);
#338=PLANE('',#1736);
#339=PLANE('',#1743);
#340=PLANE('',#1747);
#341=PLANE('',#1751);
#342=PLANE('',#1758);
#343=PLANE('',#1764);
#344=PLANE('',#1768);
#345=PLANE('',#1775);
#346=PLANE('',#1779);
#347=PLANE('',#1782);
#348=PLANE('',#1789);
#349=PLANE('',#1793);
#350=PLANE('',#1797);
#351=PLANE('',#1801);
#352=PLANE('',#1802);
#353=PLANE('',#1803);
#354=PLANE('',#1804);
#355=PLANE('',#1805);
#356=PLANE('',#1806);
#357=PLANE('',#1807);
#358=PLANE('',#1811);
#359=PLANE('',#1812);
#360=PLANE('',#1813);
#361=PLANE('',#1814);
#362=PLANE('',#1816);
#363=PLANE('',#1818);
#364=PLANE('',#1820);
#365=PLANE('',#1822);
#366=ORIENTED_EDGE('',*,*,#838,.T.);
#367=ORIENTED_EDGE('',*,*,#839,.F.);
#368=ORIENTED_EDGE('',*,*,#838,.F.);
#369=ORIENTED_EDGE('',*,*,#840,.T.);
#370=ORIENTED_EDGE('',*,*,#841,.F.);
#371=ORIENTED_EDGE('',*,*,#840,.F.);
#372=ORIENTED_EDGE('',*,*,#842,.T.);
#373=ORIENTED_EDGE('',*,*,#843,.F.);
#374=ORIENTED_EDGE('',*,*,#842,.F.);
#375=ORIENTED_EDGE('',*,*,#844,.T.);
#376=ORIENTED_EDGE('',*,*,#845,.F.);
#377=ORIENTED_EDGE('',*,*,#844,.F.);
#378=ORIENTED_EDGE('',*,*,#846,.F.);
#379=ORIENTED_EDGE('',*,*,#847,.T.);
#380=ORIENTED_EDGE('',*,*,#848,.F.);
#381=ORIENTED_EDGE('',*,*,#849,.F.);
#382=ORIENTED_EDGE('',*,*,#850,.T.);
#383=ORIENTED_EDGE('',*,*,#851,.T.);
#384=ORIENTED_EDGE('',*,*,#852,.T.);
#385=ORIENTED_EDGE('',*,*,#853,.F.);
#386=ORIENTED_EDGE('',*,*,#854,.F.);
#387=ORIENTED_EDGE('',*,*,#855,.T.);
#388=ORIENTED_EDGE('',*,*,#856,.T.);
#389=ORIENTED_EDGE('',*,*,#857,.F.);
#390=ORIENTED_EDGE('',*,*,#858,.F.);
#391=ORIENTED_EDGE('',*,*,#853,.T.);
#392=ORIENTED_EDGE('',*,*,#859,.T.);
#393=ORIENTED_EDGE('',*,*,#860,.F.);
#394=ORIENTED_EDGE('',*,*,#861,.F.);
#395=ORIENTED_EDGE('',*,*,#857,.T.);
#396=ORIENTED_EDGE('',*,*,#862,.T.);
#397=ORIENTED_EDGE('',*,*,#863,.F.);
#398=ORIENTED_EDGE('',*,*,#864,.F.);
#399=ORIENTED_EDGE('',*,*,#860,.T.);
#400=ORIENTED_EDGE('',*,*,#865,.F.);
#401=ORIENTED_EDGE('',*,*,#866,.F.);
#402=ORIENTED_EDGE('',*,*,#867,.T.);
#403=ORIENTED_EDGE('',*,*,#863,.T.);
#404=ORIENTED_EDGE('',*,*,#868,.T.);
#405=ORIENTED_EDGE('',*,*,#869,.F.);
#406=ORIENTED_EDGE('',*,*,#870,.F.);
#407=ORIENTED_EDGE('',*,*,#866,.T.);
#408=ORIENTED_EDGE('',*,*,#871,.F.);
#409=ORIENTED_EDGE('',*,*,#872,.F.);
#410=ORIENTED_EDGE('',*,*,#873,.T.);
#411=ORIENTED_EDGE('',*,*,#874,.F.);
#412=ORIENTED_EDGE('',*,*,#875,.T.);
#413=ORIENTED_EDGE('',*,*,#876,.F.);
#414=ORIENTED_EDGE('',*,*,#877,.F.);
#415=ORIENTED_EDGE('',*,*,#878,.F.);
#416=ORIENTED_EDGE('',*,*,#879,.F.);
#417=ORIENTED_EDGE('',*,*,#880,.T.);
#418=ORIENTED_EDGE('',*,*,#869,.T.);
#419=ORIENTED_EDGE('',*,*,#881,.F.);
#420=ORIENTED_EDGE('',*,*,#882,.T.);
#421=ORIENTED_EDGE('',*,*,#883,.F.);
#422=ORIENTED_EDGE('',*,*,#884,.T.);
#423=ORIENTED_EDGE('',*,*,#885,.F.);
#424=ORIENTED_EDGE('',*,*,#886,.F.);
#425=ORIENTED_EDGE('',*,*,#887,.F.);
#426=ORIENTED_EDGE('',*,*,#888,.T.);
#427=ORIENTED_EDGE('',*,*,#889,.T.);
#428=ORIENTED_EDGE('',*,*,#890,.T.);
#429=ORIENTED_EDGE('',*,*,#891,.F.);
#430=ORIENTED_EDGE('',*,*,#892,.F.);
#431=ORIENTED_EDGE('',*,*,#887,.T.);
#432=ORIENTED_EDGE('',*,*,#893,.F.);
#433=ORIENTED_EDGE('',*,*,#894,.F.);
#434=ORIENTED_EDGE('',*,*,#895,.T.);
#435=ORIENTED_EDGE('',*,*,#891,.T.);
#436=ORIENTED_EDGE('',*,*,#896,.T.);
#437=ORIENTED_EDGE('',*,*,#897,.F.);
#438=ORIENTED_EDGE('',*,*,#898,.F.);
#439=ORIENTED_EDGE('',*,*,#894,.T.);
#440=ORIENTED_EDGE('',*,*,#899,.F.);
#441=ORIENTED_EDGE('',*,*,#900,.F.);
#442=ORIENTED_EDGE('',*,*,#901,.T.);
#443=ORIENTED_EDGE('',*,*,#897,.T.);
#444=ORIENTED_EDGE('',*,*,#902,.F.);
#445=ORIENTED_EDGE('',*,*,#903,.F.);
#446=ORIENTED_EDGE('',*,*,#904,.T.);
#447=ORIENTED_EDGE('',*,*,#900,.T.);
#448=ORIENTED_EDGE('',*,*,#905,.F.);
#449=ORIENTED_EDGE('',*,*,#906,.F.);
#450=ORIENTED_EDGE('',*,*,#907,.T.);
#451=ORIENTED_EDGE('',*,*,#903,.T.);
#452=ORIENTED_EDGE('',*,*,#908,.F.);
#453=ORIENTED_EDGE('',*,*,#909,.F.);
#454=ORIENTED_EDGE('',*,*,#910,.T.);
#455=ORIENTED_EDGE('',*,*,#911,.T.);
#456=ORIENTED_EDGE('',*,*,#912,.F.);
#457=ORIENTED_EDGE('',*,*,#913,.F.);
#458=ORIENTED_EDGE('',*,*,#914,.T.);
#459=ORIENTED_EDGE('',*,*,#909,.T.);
#460=ORIENTED_EDGE('',*,*,#915,.F.);
#461=ORIENTED_EDGE('',*,*,#916,.F.);
#462=ORIENTED_EDGE('',*,*,#917,.T.);
#463=ORIENTED_EDGE('',*,*,#913,.T.);
#464=ORIENTED_EDGE('',*,*,#918,.T.);
#465=ORIENTED_EDGE('',*,*,#919,.F.);
#466=ORIENTED_EDGE('',*,*,#920,.F.);
#467=ORIENTED_EDGE('',*,*,#916,.T.);
#468=ORIENTED_EDGE('',*,*,#921,.F.);
#469=ORIENTED_EDGE('',*,*,#922,.F.);
#470=ORIENTED_EDGE('',*,*,#923,.T.);
#471=ORIENTED_EDGE('',*,*,#919,.T.);
#472=ORIENTED_EDGE('',*,*,#924,.T.);
#473=ORIENTED_EDGE('',*,*,#925,.F.);
#474=ORIENTED_EDGE('',*,*,#926,.F.);
#475=ORIENTED_EDGE('',*,*,#922,.T.);
#476=ORIENTED_EDGE('',*,*,#927,.F.);
#477=ORIENTED_EDGE('',*,*,#928,.F.);
#478=ORIENTED_EDGE('',*,*,#929,.T.);
#479=ORIENTED_EDGE('',*,*,#925,.T.);
#480=ORIENTED_EDGE('',*,*,#930,.F.);
#481=ORIENTED_EDGE('',*,*,#931,.F.);
#482=ORIENTED_EDGE('',*,*,#932,.T.);
#483=ORIENTED_EDGE('',*,*,#933,.T.);
#484=ORIENTED_EDGE('',*,*,#934,.F.);
#485=ORIENTED_EDGE('',*,*,#935,.F.);
#486=ORIENTED_EDGE('',*,*,#936,.T.);
#487=ORIENTED_EDGE('',*,*,#931,.T.);
#488=ORIENTED_EDGE('',*,*,#937,.F.);
#489=ORIENTED_EDGE('',*,*,#938,.F.);
#490=ORIENTED_EDGE('',*,*,#939,.T.);
#491=ORIENTED_EDGE('',*,*,#935,.T.);
#492=ORIENTED_EDGE('',*,*,#940,.T.);
#493=ORIENTED_EDGE('',*,*,#941,.F.);
#494=ORIENTED_EDGE('',*,*,#942,.F.);
#495=ORIENTED_EDGE('',*,*,#938,.T.);
#496=ORIENTED_EDGE('',*,*,#943,.F.);
#497=ORIENTED_EDGE('',*,*,#944,.F.);
#498=ORIENTED_EDGE('',*,*,#945,.T.);
#499=ORIENTED_EDGE('',*,*,#941,.T.);
#500=ORIENTED_EDGE('',*,*,#946,.T.);
#501=ORIENTED_EDGE('',*,*,#947,.F.);
#502=ORIENTED_EDGE('',*,*,#948,.F.);
#503=ORIENTED_EDGE('',*,*,#944,.T.);
#504=ORIENTED_EDGE('',*,*,#949,.F.);
#505=ORIENTED_EDGE('',*,*,#950,.F.);
#506=ORIENTED_EDGE('',*,*,#951,.T.);
#507=ORIENTED_EDGE('',*,*,#947,.T.);
#508=ORIENTED_EDGE('',*,*,#952,.F.);
#509=ORIENTED_EDGE('',*,*,#953,.F.);
#510=ORIENTED_EDGE('',*,*,#954,.T.);
#511=ORIENTED_EDGE('',*,*,#955,.T.);
#512=ORIENTED_EDGE('',*,*,#956,.F.);
#513=ORIENTED_EDGE('',*,*,#957,.F.);
#514=ORIENTED_EDGE('',*,*,#958,.T.);
#515=ORIENTED_EDGE('',*,*,#953,.T.);
#516=ORIENTED_EDGE('',*,*,#959,.F.);
#517=ORIENTED_EDGE('',*,*,#960,.F.);
#518=ORIENTED_EDGE('',*,*,#961,.T.);
#519=ORIENTED_EDGE('',*,*,#957,.T.);
#520=ORIENTED_EDGE('',*,*,#962,.T.);
#521=ORIENTED_EDGE('',*,*,#963,.F.);
#522=ORIENTED_EDGE('',*,*,#964,.F.);
#523=ORIENTED_EDGE('',*,*,#960,.T.);
#524=ORIENTED_EDGE('',*,*,#965,.F.);
#525=ORIENTED_EDGE('',*,*,#966,.F.);
#526=ORIENTED_EDGE('',*,*,#967,.T.);
#527=ORIENTED_EDGE('',*,*,#963,.T.);
#528=ORIENTED_EDGE('',*,*,#968,.T.);
#529=ORIENTED_EDGE('',*,*,#969,.F.);
#530=ORIENTED_EDGE('',*,*,#970,.F.);
#531=ORIENTED_EDGE('',*,*,#966,.T.);
#532=ORIENTED_EDGE('',*,*,#971,.F.);
#533=ORIENTED_EDGE('',*,*,#972,.F.);
#534=ORIENTED_EDGE('',*,*,#973,.T.);
#535=ORIENTED_EDGE('',*,*,#969,.T.);
#536=ORIENTED_EDGE('',*,*,#974,.F.);
#537=ORIENTED_EDGE('',*,*,#975,.F.);
#538=ORIENTED_EDGE('',*,*,#976,.F.);
#539=ORIENTED_EDGE('',*,*,#977,.T.);
#540=ORIENTED_EDGE('',*,*,#978,.T.);
#541=ORIENTED_EDGE('',*,*,#979,.F.);
#542=ORIENTED_EDGE('',*,*,#980,.F.);
#543=ORIENTED_EDGE('',*,*,#981,.T.);
#544=ORIENTED_EDGE('',*,*,#982,.F.);
#545=ORIENTED_EDGE('',*,*,#983,.T.);
#546=ORIENTED_EDGE('',*,*,#984,.F.);
#547=ORIENTED_EDGE('',*,*,#985,.F.);
#548=ORIENTED_EDGE('',*,*,#986,.T.);
#549=ORIENTED_EDGE('',*,*,#976,.T.);
#550=ORIENTED_EDGE('',*,*,#987,.F.);
#551=ORIENTED_EDGE('',*,*,#988,.F.);
#552=ORIENTED_EDGE('',*,*,#989,.T.);
#553=ORIENTED_EDGE('',*,*,#985,.T.);
#554=ORIENTED_EDGE('',*,*,#990,.T.);
#555=ORIENTED_EDGE('',*,*,#991,.F.);
#556=ORIENTED_EDGE('',*,*,#992,.F.);
#557=ORIENTED_EDGE('',*,*,#988,.T.);
#558=ORIENTED_EDGE('',*,*,#993,.F.);
#559=ORIENTED_EDGE('',*,*,#994,.F.);
#560=ORIENTED_EDGE('',*,*,#995,.T.);
#561=ORIENTED_EDGE('',*,*,#991,.T.);
#562=ORIENTED_EDGE('',*,*,#996,.T.);
#563=ORIENTED_EDGE('',*,*,#997,.F.);
#564=ORIENTED_EDGE('',*,*,#998,.F.);
#565=ORIENTED_EDGE('',*,*,#994,.T.);
#566=ORIENTED_EDGE('',*,*,#999,.F.);
#567=ORIENTED_EDGE('',*,*,#1000,.F.);
#568=ORIENTED_EDGE('',*,*,#1001,.T.);
#569=ORIENTED_EDGE('',*,*,#997,.T.);
#570=ORIENTED_EDGE('',*,*,#1002,.F.);
#571=ORIENTED_EDGE('',*,*,#1003,.F.);
#572=ORIENTED_EDGE('',*,*,#1004,.T.);
#573=ORIENTED_EDGE('',*,*,#1005,.T.);
#574=ORIENTED_EDGE('',*,*,#1006,.F.);
#575=ORIENTED_EDGE('',*,*,#1007,.F.);
#576=ORIENTED_EDGE('',*,*,#1008,.T.);
#577=ORIENTED_EDGE('',*,*,#1003,.T.);
#578=ORIENTED_EDGE('',*,*,#1009,.F.);
#579=ORIENTED_EDGE('',*,*,#1010,.F.);
#580=ORIENTED_EDGE('',*,*,#1011,.T.);
#581=ORIENTED_EDGE('',*,*,#1007,.T.);
#582=ORIENTED_EDGE('',*,*,#1012,.F.);
#583=ORIENTED_EDGE('',*,*,#1013,.F.);
#584=ORIENTED_EDGE('',*,*,#1014,.T.);
#585=ORIENTED_EDGE('',*,*,#1015,.F.);
#586=ORIENTED_EDGE('',*,*,#851,.F.);
#587=ORIENTED_EDGE('',*,*,#1016,.T.);
#588=ORIENTED_EDGE('',*,*,#1010,.T.);
#589=ORIENTED_EDGE('',*,*,#1017,.F.);
#590=ORIENTED_EDGE('',*,*,#1018,.T.);
#591=ORIENTED_EDGE('',*,*,#1019,.F.);
#592=ORIENTED_EDGE('',*,*,#1020,.F.);
#593=ORIENTED_EDGE('',*,*,#849,.T.);
#594=ORIENTED_EDGE('',*,*,#1021,.F.);
#595=ORIENTED_EDGE('',*,*,#1022,.F.);
#596=ORIENTED_EDGE('',*,*,#1023,.T.);
#597=ORIENTED_EDGE('',*,*,#1019,.T.);
#598=ORIENTED_EDGE('',*,*,#1024,.F.);
#599=ORIENTED_EDGE('',*,*,#1025,.F.);
#600=ORIENTED_EDGE('',*,*,#1026,.T.);
#601=ORIENTED_EDGE('',*,*,#1027,.T.);
#602=ORIENTED_EDGE('',*,*,#1028,.F.);
#603=ORIENTED_EDGE('',*,*,#1029,.F.);
#604=ORIENTED_EDGE('',*,*,#1030,.T.);
#605=ORIENTED_EDGE('',*,*,#1025,.T.);
#606=ORIENTED_EDGE('',*,*,#1031,.F.);
#607=ORIENTED_EDGE('',*,*,#1032,.F.);
#608=ORIENTED_EDGE('',*,*,#1033,.T.);
#609=ORIENTED_EDGE('',*,*,#1029,.T.);
#610=ORIENTED_EDGE('',*,*,#1034,.T.);
#611=ORIENTED_EDGE('',*,*,#1035,.F.);
#612=ORIENTED_EDGE('',*,*,#1036,.F.);
#613=ORIENTED_EDGE('',*,*,#1032,.T.);
#614=ORIENTED_EDGE('',*,*,#1037,.F.);
#615=ORIENTED_EDGE('',*,*,#1038,.F.);
#616=ORIENTED_EDGE('',*,*,#1039,.T.);
#617=ORIENTED_EDGE('',*,*,#1035,.T.);
#618=ORIENTED_EDGE('',*,*,#1040,.T.);
#619=ORIENTED_EDGE('',*,*,#1041,.F.);
#620=ORIENTED_EDGE('',*,*,#1042,.F.);
#621=ORIENTED_EDGE('',*,*,#1038,.T.);
#622=ORIENTED_EDGE('',*,*,#1043,.F.);
#623=ORIENTED_EDGE('',*,*,#1044,.F.);
#624=ORIENTED_EDGE('',*,*,#1045,.T.);
#625=ORIENTED_EDGE('',*,*,#1041,.T.);
#626=ORIENTED_EDGE('',*,*,#1046,.F.);
#627=ORIENTED_EDGE('',*,*,#889,.F.);
#628=ORIENTED_EDGE('',*,*,#1047,.T.);
#629=ORIENTED_EDGE('',*,*,#906,.T.);
#630=ORIENTED_EDGE('',*,*,#1048,.F.);
#631=ORIENTED_EDGE('',*,*,#911,.F.);
#632=ORIENTED_EDGE('',*,*,#1049,.T.);
#633=ORIENTED_EDGE('',*,*,#928,.T.);
#634=ORIENTED_EDGE('',*,*,#1050,.F.);
#635=ORIENTED_EDGE('',*,*,#933,.F.);
#636=ORIENTED_EDGE('',*,*,#1051,.T.);
#637=ORIENTED_EDGE('',*,*,#950,.T.);
#638=ORIENTED_EDGE('',*,*,#1052,.F.);
#639=ORIENTED_EDGE('',*,*,#955,.F.);
#640=ORIENTED_EDGE('',*,*,#1053,.T.);
#641=ORIENTED_EDGE('',*,*,#972,.T.);
#642=ORIENTED_EDGE('',*,*,#1054,.F.);
#643=ORIENTED_EDGE('',*,*,#978,.F.);
#644=ORIENTED_EDGE('',*,*,#1055,.T.);
#645=ORIENTED_EDGE('',*,*,#1000,.T.);
#646=ORIENTED_EDGE('',*,*,#1056,.T.);
#647=ORIENTED_EDGE('',*,*,#1005,.F.);
#648=ORIENTED_EDGE('',*,*,#1057,.F.);
#649=ORIENTED_EDGE('',*,*,#1022,.T.);
#650=ORIENTED_EDGE('',*,*,#1058,.F.);
#651=ORIENTED_EDGE('',*,*,#1027,.F.);
#652=ORIENTED_EDGE('',*,*,#1059,.T.);
#653=ORIENTED_EDGE('',*,*,#1044,.T.);
#654=ORIENTED_EDGE('',*,*,#1060,.T.);
#655=ORIENTED_EDGE('',*,*,#855,.F.);
#656=ORIENTED_EDGE('',*,*,#1061,.F.);
#657=ORIENTED_EDGE('',*,*,#879,.T.);
#658=ORIENTED_EDGE('',*,*,#1026,.F.);
#659=ORIENTED_EDGE('',*,*,#1030,.F.);
#660=ORIENTED_EDGE('',*,*,#1033,.F.);
#661=ORIENTED_EDGE('',*,*,#1036,.T.);
#662=ORIENTED_EDGE('',*,*,#1039,.F.);
#663=ORIENTED_EDGE('',*,*,#1042,.T.);
#664=ORIENTED_EDGE('',*,*,#1045,.F.);
#665=ORIENTED_EDGE('',*,*,#1059,.F.);
#666=ORIENTED_EDGE('',*,*,#1004,.F.);
#667=ORIENTED_EDGE('',*,*,#1008,.F.);
#668=ORIENTED_EDGE('',*,*,#1011,.F.);
#669=ORIENTED_EDGE('',*,*,#1016,.F.);
#670=ORIENTED_EDGE('',*,*,#850,.F.);
#671=ORIENTED_EDGE('',*,*,#1020,.T.);
#672=ORIENTED_EDGE('',*,*,#1023,.F.);
#673=ORIENTED_EDGE('',*,*,#1057,.T.);
#674=ORIENTED_EDGE('',*,*,#977,.F.);
#675=ORIENTED_EDGE('',*,*,#986,.F.);
#676=ORIENTED_EDGE('',*,*,#989,.F.);
#677=ORIENTED_EDGE('',*,*,#992,.T.);
#678=ORIENTED_EDGE('',*,*,#995,.F.);
#679=ORIENTED_EDGE('',*,*,#998,.T.);
#680=ORIENTED_EDGE('',*,*,#1001,.F.);
#681=ORIENTED_EDGE('',*,*,#1055,.F.);
#682=ORIENTED_EDGE('',*,*,#954,.F.);
#683=ORIENTED_EDGE('',*,*,#958,.F.);
#684=ORIENTED_EDGE('',*,*,#961,.F.);
#685=ORIENTED_EDGE('',*,*,#964,.T.);
#686=ORIENTED_EDGE('',*,*,#967,.F.);
#687=ORIENTED_EDGE('',*,*,#970,.T.);
#688=ORIENTED_EDGE('',*,*,#973,.F.);
#689=ORIENTED_EDGE('',*,*,#1053,.F.);
#690=ORIENTED_EDGE('',*,*,#932,.F.);
#691=ORIENTED_EDGE('',*,*,#936,.F.);
#692=ORIENTED_EDGE('',*,*,#939,.F.);
#693=ORIENTED_EDGE('',*,*,#942,.T.);
#694=ORIENTED_EDGE('',*,*,#945,.F.);
#695=ORIENTED_EDGE('',*,*,#948,.T.);
#696=ORIENTED_EDGE('',*,*,#951,.F.);
#697=ORIENTED_EDGE('',*,*,#1051,.F.);
#698=ORIENTED_EDGE('',*,*,#910,.F.);
#699=ORIENTED_EDGE('',*,*,#914,.F.);
#700=ORIENTED_EDGE('',*,*,#917,.F.);
#701=ORIENTED_EDGE('',*,*,#920,.T.);
#702=ORIENTED_EDGE('',*,*,#923,.F.);
#703=ORIENTED_EDGE('',*,*,#926,.T.);
#704=ORIENTED_EDGE('',*,*,#929,.F.);
#705=ORIENTED_EDGE('',*,*,#1049,.F.);
#706=ORIENTED_EDGE('',*,*,#888,.F.);
#707=ORIENTED_EDGE('',*,*,#892,.T.);
#708=ORIENTED_EDGE('',*,*,#895,.F.);
#709=ORIENTED_EDGE('',*,*,#898,.T.);
#710=ORIENTED_EDGE('',*,*,#901,.F.);
#711=ORIENTED_EDGE('',*,*,#904,.F.);
#712=ORIENTED_EDGE('',*,*,#907,.F.);
#713=ORIENTED_EDGE('',*,*,#1047,.F.);
#714=ORIENTED_EDGE('',*,*,#854,.T.);
#715=ORIENTED_EDGE('',*,*,#858,.T.);
#716=ORIENTED_EDGE('',*,*,#861,.T.);
#717=ORIENTED_EDGE('',*,*,#864,.T.);
#718=ORIENTED_EDGE('',*,*,#867,.F.);
#719=ORIENTED_EDGE('',*,*,#870,.T.);
#720=ORIENTED_EDGE('',*,*,#880,.F.);
#721=ORIENTED_EDGE('',*,*,#1061,.T.);
#722=ORIENTED_EDGE('',*,*,#839,.T.);
#723=ORIENTED_EDGE('',*,*,#841,.T.);
#724=ORIENTED_EDGE('',*,*,#843,.T.);
#725=ORIENTED_EDGE('',*,*,#845,.T.);
#726=ORIENTED_EDGE('',*,*,#1024,.T.);
#727=ORIENTED_EDGE('',*,*,#1058,.T.);
#728=ORIENTED_EDGE('',*,*,#1043,.T.);
#729=ORIENTED_EDGE('',*,*,#1040,.F.);
#730=ORIENTED_EDGE('',*,*,#1037,.T.);
#731=ORIENTED_EDGE('',*,*,#1034,.F.);
#732=ORIENTED_EDGE('',*,*,#1031,.T.);
#733=ORIENTED_EDGE('',*,*,#1028,.T.);
#734=ORIENTED_EDGE('',*,*,#984,.T.);
#735=ORIENTED_EDGE('',*,*,#1062,.T.);
#736=ORIENTED_EDGE('',*,*,#881,.T.);
#737=ORIENTED_EDGE('',*,*,#868,.F.);
#738=ORIENTED_EDGE('',*,*,#865,.T.);
#739=ORIENTED_EDGE('',*,*,#862,.F.);
#740=ORIENTED_EDGE('',*,*,#859,.F.);
#741=ORIENTED_EDGE('',*,*,#856,.F.);
#742=ORIENTED_EDGE('',*,*,#852,.F.);
#743=ORIENTED_EDGE('',*,*,#1060,.F.);
#744=ORIENTED_EDGE('',*,*,#878,.T.);
#745=ORIENTED_EDGE('',*,*,#1063,.F.);
#746=ORIENTED_EDGE('',*,*,#1017,.T.);
#747=ORIENTED_EDGE('',*,*,#1009,.T.);
#748=ORIENTED_EDGE('',*,*,#1006,.T.);
#749=ORIENTED_EDGE('',*,*,#1002,.T.);
#750=ORIENTED_EDGE('',*,*,#1056,.F.);
#751=ORIENTED_EDGE('',*,*,#1021,.T.);
#752=ORIENTED_EDGE('',*,*,#1018,.F.);
#753=ORIENTED_EDGE('',*,*,#848,.T.);
#754=ORIENTED_EDGE('',*,*,#1064,.T.);
#755=ORIENTED_EDGE('',*,*,#872,.T.);
#756=ORIENTED_EDGE('',*,*,#1065,.F.);
#757=ORIENTED_EDGE('',*,*,#979,.T.);
#758=ORIENTED_EDGE('',*,*,#1054,.T.);
#759=ORIENTED_EDGE('',*,*,#999,.T.);
#760=ORIENTED_EDGE('',*,*,#996,.F.);
#761=ORIENTED_EDGE('',*,*,#993,.T.);
#762=ORIENTED_EDGE('',*,*,#990,.F.);
#763=ORIENTED_EDGE('',*,*,#987,.T.);
#764=ORIENTED_EDGE('',*,*,#952,.T.);
#765=ORIENTED_EDGE('',*,*,#1052,.T.);
#766=ORIENTED_EDGE('',*,*,#971,.T.);
#767=ORIENTED_EDGE('',*,*,#968,.F.);
#768=ORIENTED_EDGE('',*,*,#965,.T.);
#769=ORIENTED_EDGE('',*,*,#962,.F.);
#770=ORIENTED_EDGE('',*,*,#959,.T.);
#771=ORIENTED_EDGE('',*,*,#956,.T.);
#772=ORIENTED_EDGE('',*,*,#930,.T.);
#773=ORIENTED_EDGE('',*,*,#1050,.T.);
#774=ORIENTED_EDGE('',*,*,#949,.T.);
#775=ORIENTED_EDGE('',*,*,#946,.F.);
#776=ORIENTED_EDGE('',*,*,#943,.T.);
#777=ORIENTED_EDGE('',*,*,#940,.F.);
#778=ORIENTED_EDGE('',*,*,#937,.T.);
#779=ORIENTED_EDGE('',*,*,#934,.T.);
#780=ORIENTED_EDGE('',*,*,#908,.T.);
#781=ORIENTED_EDGE('',*,*,#1048,.T.);
#782=ORIENTED_EDGE('',*,*,#927,.T.);
#783=ORIENTED_EDGE('',*,*,#924,.F.);
#784=ORIENTED_EDGE('',*,*,#921,.T.);
#785=ORIENTED_EDGE('',*,*,#918,.F.);
#786=ORIENTED_EDGE('',*,*,#915,.T.);
#787=ORIENTED_EDGE('',*,*,#912,.T.);
#788=ORIENTED_EDGE('',*,*,#886,.T.);
#789=ORIENTED_EDGE('',*,*,#1046,.T.);
#790=ORIENTED_EDGE('',*,*,#905,.T.);
#791=ORIENTED_EDGE('',*,*,#902,.T.);
#792=ORIENTED_EDGE('',*,*,#899,.T.);
#793=ORIENTED_EDGE('',*,*,#896,.F.);
#794=ORIENTED_EDGE('',*,*,#893,.T.);
#795=ORIENTED_EDGE('',*,*,#890,.F.);
#796=ORIENTED_EDGE('',*,*,#1066,.T.);
#797=ORIENTED_EDGE('',*,*,#873,.F.);
#798=ORIENTED_EDGE('',*,*,#1064,.F.);
#799=ORIENTED_EDGE('',*,*,#847,.F.);
#800=ORIENTED_EDGE('',*,*,#1012,.T.);
#801=ORIENTED_EDGE('',*,*,#1063,.T.);
#802=ORIENTED_EDGE('',*,*,#877,.T.);
#803=ORIENTED_EDGE('',*,*,#1067,.F.);
#804=ORIENTED_EDGE('',*,*,#1013,.T.);
#805=ORIENTED_EDGE('',*,*,#1067,.T.);
#806=ORIENTED_EDGE('',*,*,#876,.T.);
#807=ORIENTED_EDGE('',*,*,#1068,.F.);
#808=ORIENTED_EDGE('',*,*,#1068,.T.);
#809=ORIENTED_EDGE('',*,*,#875,.F.);
#810=ORIENTED_EDGE('',*,*,#1069,.F.);
#811=ORIENTED_EDGE('',*,*,#1014,.F.);
#812=ORIENTED_EDGE('',*,*,#1015,.T.);
#813=ORIENTED_EDGE('',*,*,#1069,.T.);
#814=ORIENTED_EDGE('',*,*,#874,.T.);
#815=ORIENTED_EDGE('',*,*,#1066,.F.);
#816=ORIENTED_EDGE('',*,*,#846,.T.);
#817=ORIENTED_EDGE('',*,*,#974,.T.);
#818=ORIENTED_EDGE('',*,*,#1065,.T.);
#819=ORIENTED_EDGE('',*,*,#871,.T.);
#820=ORIENTED_EDGE('',*,*,#1070,.F.);
#821=ORIENTED_EDGE('',*,*,#975,.T.);
#822=ORIENTED_EDGE('',*,*,#1070,.T.);
#823=ORIENTED_EDGE('',*,*,#885,.T.);
#824=ORIENTED_EDGE('',*,*,#1071,.F.);
#825=ORIENTED_EDGE('',*,*,#980,.T.);
#826=ORIENTED_EDGE('',*,*,#1071,.T.);
#827=ORIENTED_EDGE('',*,*,#884,.F.);
#828=ORIENTED_EDGE('',*,*,#1072,.F.);
#829=ORIENTED_EDGE('',*,*,#981,.F.);
#830=ORIENTED_EDGE('',*,*,#982,.T.);
#831=ORIENTED_EDGE('',*,*,#1072,.T.);
#832=ORIENTED_EDGE('',*,*,#883,.T.);
#833=ORIENTED_EDGE('',*,*,#1073,.F.);
#834=ORIENTED_EDGE('',*,*,#1073,.T.);
#835=ORIENTED_EDGE('',*,*,#882,.F.);
#836=ORIENTED_EDGE('',*,*,#1062,.F.);
#837=ORIENTED_EDGE('',*,*,#983,.F.);
#838=EDGE_CURVE('',#1074,#1074,#1234,.T.);
#839=EDGE_CURVE('',#1075,#1075,#1235,.T.);
#840=EDGE_CURVE('',#1076,#1076,#1236,.T.);
#841=EDGE_CURVE('',#1077,#1077,#1237,.T.);
#842=EDGE_CURVE('',#1078,#1078,#1238,.T.);
#843=EDGE_CURVE('',#1079,#1079,#1239,.T.);
#844=EDGE_CURVE('',#1080,#1080,#1240,.T.);
#845=EDGE_CURVE('',#1081,#1081,#1241,.T.);
#846=EDGE_CURVE('',#1082,#1083,#320,.T.);
#847=EDGE_CURVE('',#1082,#1084,#12,.T.);
#848=EDGE_CURVE('',#1085,#1084,#1242,.T.);
#849=EDGE_CURVE('',#1086,#1085,#13,.T.);
#850=EDGE_CURVE('',#1086,#1087,#1243,.T.);
#851=EDGE_CURVE('',#1087,#1083,#14,.T.);
#852=EDGE_CURVE('',#1088,#1089,#15,.T.);
#853=EDGE_CURVE('',#1090,#1089,#16,.T.);
#854=EDGE_CURVE('',#1091,#1090,#17,.T.);
#855=EDGE_CURVE('',#1091,#1088,#18,.T.);
#856=EDGE_CURVE('',#1089,#1092,#1244,.T.);
#857=EDGE_CURVE('',#1093,#1092,#19,.T.);
#858=EDGE_CURVE('',#1090,#1093,#1245,.T.);
#859=EDGE_CURVE('',#1092,#1094,#20,.T.);
#860=EDGE_CURVE('',#1095,#1094,#21,.T.);
#861=EDGE_CURVE('',#1093,#1095,#22,.T.);
#862=EDGE_CURVE('',#1094,#1096,#1246,.T.);
#863=EDGE_CURVE('',#1097,#1096,#23,.T.);
#864=EDGE_CURVE('',#1095,#1097,#1247,.T.);
#865=EDGE_CURVE('',#1098,#1096,#24,.T.);
#866=EDGE_CURVE('',#1099,#1098,#25,.T.);
#867=EDGE_CURVE('',#1099,#1097,#26,.T.);
#868=EDGE_CURVE('',#1098,#1100,#1248,.T.);
#869=EDGE_CURVE('',#1101,#1100,#27,.T.);
#870=EDGE_CURVE('',#1099,#1101,#1249,.T.);
#871=EDGE_CURVE('',#1102,#1103,#28,.T.);
#872=EDGE_CURVE('',#1104,#1102,#29,.T.);
#873=EDGE_CURVE('',#1104,#1105,#30,.T.);
#874=EDGE_CURVE('',#1106,#1105,#1250,.T.);
#875=EDGE_CURVE('',#1106,#1107,#31,.T.);
#876=EDGE_CURVE('',#1108,#1107,#1251,.T.);
#877=EDGE_CURVE('',#1109,#1108,#32,.T.);
#878=EDGE_CURVE('',#1110,#1109,#33,.T.);
#879=EDGE_CURVE('',#1111,#1110,#34,.T.);
#880=EDGE_CURVE('',#1111,#1101,#35,.T.);
#881=EDGE_CURVE('',#1112,#1100,#36,.T.);
#882=EDGE_CURVE('',#1112,#1113,#37,.T.);
#883=EDGE_CURVE('',#1114,#1113,#1252,.T.);
#884=EDGE_CURVE('',#1114,#1115,#38,.T.);
#885=EDGE_CURVE('',#1103,#1115,#1253,.T.);
#886=EDGE_CURVE('',#1116,#1117,#1254,.T.);
#887=EDGE_CURVE('',#1118,#1116,#39,.T.);
#888=EDGE_CURVE('',#1118,#1119,#1255,.T.);
#889=EDGE_CURVE('',#1119,#1117,#40,.T.);
#890=EDGE_CURVE('',#1116,#1120,#41,.T.);
#891=EDGE_CURVE('',#1121,#1120,#42,.T.);
#892=EDGE_CURVE('',#1118,#1121,#43,.T.);
#893=EDGE_CURVE('',#1122,#1120,#1256,.T.);
#894=EDGE_CURVE('',#1123,#1122,#44,.T.);
#895=EDGE_CURVE('',#1123,#1121,#1257,.T.);
#896=EDGE_CURVE('',#1122,#1124,#45,.T.);
#897=EDGE_CURVE('',#1125,#1124,#46,.T.);
#898=EDGE_CURVE('',#1123,#1125,#47,.T.);
#899=EDGE_CURVE('',#1126,#1124,#1258,.T.);
#900=EDGE_CURVE('',#1127,#1126,#48,.T.);
#901=EDGE_CURVE('',#1127,#1125,#1259,.T.);
#902=EDGE_CURVE('',#1128,#1126,#49,.T.);
#903=EDGE_CURVE('',#1129,#1128,#50,.T.);
#904=EDGE_CURVE('',#1129,#1127,#51,.T.);
#905=EDGE_CURVE('',#1130,#1128,#1260,.T.);
#906=EDGE_CURVE('',#1131,#1130,#52,.T.);
#907=EDGE_CURVE('',#1131,#1129,#1261,.T.);
#908=EDGE_CURVE('',#1132,#1133,#1262,.T.);
#909=EDGE_CURVE('',#1134,#1132,#53,.T.);
#910=EDGE_CURVE('',#1134,#1135,#1263,.T.);
#911=EDGE_CURVE('',#1135,#1133,#54,.T.);
#912=EDGE_CURVE('',#1136,#1132,#55,.T.);
#913=EDGE_CURVE('',#1137,#1136,#56,.T.);
#914=EDGE_CURVE('',#1137,#1134,#57,.T.);
#915=EDGE_CURVE('',#1138,#1136,#1264,.T.);
#916=EDGE_CURVE('',#1139,#1138,#58,.T.);
#917=EDGE_CURVE('',#1139,#1137,#1265,.T.);
#918=EDGE_CURVE('',#1138,#1140,#59,.T.);
#919=EDGE_CURVE('',#1141,#1140,#60,.T.);
#920=EDGE_CURVE('',#1139,#1141,#61,.T.);
#921=EDGE_CURVE('',#1142,#1140,#1266,.T.);
#922=EDGE_CURVE('',#1143,#1142,#62,.T.);
#923=EDGE_CURVE('',#1143,#1141,#1267,.T.);
#924=EDGE_CURVE('',#1142,#1144,#63,.T.);
#925=EDGE_CURVE('',#1145,#1144,#64,.T.);
#926=EDGE_CURVE('',#1143,#1145,#65,.T.);
#927=EDGE_CURVE('',#1146,#1144,#1268,.T.);
#928=EDGE_CURVE('',#1147,#1146,#66,.T.);
#929=EDGE_CURVE('',#1147,#1145,#1269,.T.);
#930=EDGE_CURVE('',#1148,#1149,#1270,.T.);
#931=EDGE_CURVE('',#1150,#1148,#67,.T.);
#932=EDGE_CURVE('',#1150,#1151,#1271,.T.);
#933=EDGE_CURVE('',#1151,#1149,#68,.T.);
#934=EDGE_CURVE('',#1152,#1148,#69,.T.);
#935=EDGE_CURVE('',#1153,#1152,#70,.T.);
#936=EDGE_CURVE('',#1153,#1150,#71,.T.);
#937=EDGE_CURVE('',#1154,#1152,#1272,.T.);
#938=EDGE_CURVE('',#1155,#1154,#72,.T.);
#939=EDGE_CURVE('',#1155,#1153,#1273,.T.);
#940=EDGE_CURVE('',#1154,#1156,#73,.T.);
#941=EDGE_CURVE('',#1157,#1156,#74,.T.);
#942=EDGE_CURVE('',#1155,#1157,#75,.T.);
#943=EDGE_CURVE('',#1158,#1156,#1274,.T.);
#944=EDGE_CURVE('',#1159,#1158,#76,.T.);
#945=EDGE_CURVE('',#1159,#1157,#1275,.T.);
#946=EDGE_CURVE('',#1158,#1160,#77,.T.);
#947=EDGE_CURVE('',#1161,#1160,#78,.T.);
#948=EDGE_CURVE('',#1159,#1161,#79,.T.);
#949=EDGE_CURVE('',#1162,#1160,#1276,.T.);
#950=EDGE_CURVE('',#1163,#1162,#80,.T.);
#951=EDGE_CURVE('',#1163,#1161,#1277,.T.);
#952=EDGE_CURVE('',#1164,#1165,#1278,.T.);
#953=EDGE_CURVE('',#1166,#1164,#81,.T.);
#954=EDGE_CURVE('',#1166,#1167,#1279,.T.);
#955=EDGE_CURVE('',#1167,#1165,#82,.T.);
#956=EDGE_CURVE('',#1168,#1164,#83,.T.);
#957=EDGE_CURVE('',#1169,#1168,#84,.T.);
#958=EDGE_CURVE('',#1169,#1166,#85,.T.);
#959=EDGE_CURVE('',#1170,#1168,#1280,.T.);
#960=EDGE_CURVE('',#1171,#1170,#86,.T.);
#961=EDGE_CURVE('',#1171,#1169,#1281,.T.);
#962=EDGE_CURVE('',#1170,#1172,#87,.T.);
#963=EDGE_CURVE('',#1173,#1172,#88,.T.);
#964=EDGE_CURVE('',#1171,#1173,#89,.T.);
#965=EDGE_CURVE('',#1174,#1172,#1282,.T.);
#966=EDGE_CURVE('',#1175,#1174,#90,.T.);
#967=EDGE_CURVE('',#1175,#1173,#1283,.T.);
#968=EDGE_CURVE('',#1174,#1176,#91,.T.);
#969=EDGE_CURVE('',#1177,#1176,#92,.T.);
#970=EDGE_CURVE('',#1175,#1177,#93,.T.);
#971=EDGE_CURVE('',#1178,#1176,#1284,.T.);
#972=EDGE_CURVE('',#1179,#1178,#94,.T.);
#973=EDGE_CURVE('',#1179,#1177,#1285,.T.);
#974=EDGE_CURVE('',#1180,#1181,#95,.T.);
#975=EDGE_CURVE('',#1182,#1180,#321,.T.);
#976=EDGE_CURVE('',#1183,#1182,#96,.T.);
#977=EDGE_CURVE('',#1183,#1184,#1286,.T.);
#978=EDGE_CURVE('',#1184,#1185,#97,.T.);
#979=EDGE_CURVE('',#1181,#1185,#1287,.T.);
#980=EDGE_CURVE('',#1186,#1182,#1288,.T.);
#981=EDGE_CURVE('',#1186,#1187,#98,.T.);
#982=EDGE_CURVE('',#1188,#1187,#1289,.T.);
#983=EDGE_CURVE('',#1188,#1189,#99,.T.);
#984=EDGE_CURVE('',#1190,#1189,#100,.T.);
#985=EDGE_CURVE('',#1191,#1190,#101,.T.);
#986=EDGE_CURVE('',#1191,#1183,#102,.T.);
#987=EDGE_CURVE('',#1192,#1190,#1290,.T.);
#988=EDGE_CURVE('',#1193,#1192,#103,.T.);
#989=EDGE_CURVE('',#1193,#1191,#1291,.T.);
#990=EDGE_CURVE('',#1192,#1194,#104,.T.);
#991=EDGE_CURVE('',#1195,#1194,#105,.T.);
#992=EDGE_CURVE('',#1193,#1195,#106,.T.);
#993=EDGE_CURVE('',#1196,#1194,#1292,.T.);
#994=EDGE_CURVE('',#1197,#1196,#107,.T.);
#995=EDGE_CURVE('',#1197,#1195,#1293,.T.);
#996=EDGE_CURVE('',#1196,#1198,#108,.T.);
#997=EDGE_CURVE('',#1199,#1198,#109,.T.);
#998=EDGE_CURVE('',#1197,#1199,#110,.T.);
#999=EDGE_CURVE('',#1200,#1198,#1294,.T.);
#1000=EDGE_CURVE('',#1201,#1200,#111,.T.);
#1001=EDGE_CURVE('',#1201,#1199,#1295,.T.);
#1002=EDGE_CURVE('',#1202,#1203,#1296,.T.);
#1003=EDGE_CURVE('',#1204,#1202,#112,.T.);
#1004=EDGE_CURVE('',#1204,#1205,#1297,.T.);
#1005=EDGE_CURVE('',#1205,#1203,#113,.T.);
#1006=EDGE_CURVE('',#1206,#1202,#114,.T.);
#1007=EDGE_CURVE('',#1207,#1206,#115,.T.);
#1008=EDGE_CURVE('',#1207,#1204,#116,.T.);
#1009=EDGE_CURVE('',#1208,#1206,#1298,.T.);
#1010=EDGE_CURVE('',#1209,#1208,#117,.T.);
#1011=EDGE_CURVE('',#1209,#1207,#1299,.T.);
#1012=EDGE_CURVE('',#1210,#1211,#118,.T.);
#1013=EDGE_CURVE('',#1212,#1210,#1300,.T.);
#1014=EDGE_CURVE('',#1212,#1213,#119,.T.);
#1015=EDGE_CURVE('',#1083,#1213,#1301,.T.);
#1016=EDGE_CURVE('',#1087,#1209,#120,.T.);
#1017=EDGE_CURVE('',#1211,#1208,#121,.T.);
#1018=EDGE_CURVE('',#1085,#1214,#122,.T.);
#1019=EDGE_CURVE('',#1215,#1214,#123,.T.);
#1020=EDGE_CURVE('',#1086,#1215,#124,.T.);
#1021=EDGE_CURVE('',#1216,#1214,#1302,.T.);
#1022=EDGE_CURVE('',#1217,#1216,#125,.T.);
#1023=EDGE_CURVE('',#1217,#1215,#1303,.T.);
#1024=EDGE_CURVE('',#1218,#1219,#1304,.T.);
#1025=EDGE_CURVE('',#1220,#1218,#126,.T.);
#1026=EDGE_CURVE('',#1220,#1221,#1305,.T.);
#1027=EDGE_CURVE('',#1221,#1219,#127,.T.);
#1028=EDGE_CURVE('',#1222,#1218,#128,.T.);
#1029=EDGE_CURVE('',#1223,#1222,#129,.T.);
#1030=EDGE_CURVE('',#1223,#1220,#130,.T.);
#1031=EDGE_CURVE('',#1224,#1222,#1306,.T.);
#1032=EDGE_CURVE('',#1225,#1224,#131,.T.);
#1033=EDGE_CURVE('',#1225,#1223,#1307,.T.);
#1034=EDGE_CURVE('',#1224,#1226,#132,.T.);
#1035=EDGE_CURVE('',#1227,#1226,#133,.T.);
#1036=EDGE_CURVE('',#1225,#1227,#134,.T.);
#1037=EDGE_CURVE('',#1228,#1226,#1308,.T.);
#1038=EDGE_CURVE('',#1229,#1228,#135,.T.);
#1039=EDGE_CURVE('',#1229,#1227,#1309,.T.);
#1040=EDGE_CURVE('',#1228,#1230,#136,.T.);
#1041=EDGE_CURVE('',#1231,#1230,#137,.T.);
#1042=EDGE_CURVE('',#1229,#1231,#138,.T.);
#1043=EDGE_CURVE('',#1232,#1230,#1310,.T.);
#1044=EDGE_CURVE('',#1233,#1232,#139,.T.);
#1045=EDGE_CURVE('',#1233,#1231,#1311,.T.);
#1046=EDGE_CURVE('',#1117,#1130,#140,.T.);
#1047=EDGE_CURVE('',#1119,#1131,#141,.T.);
#1048=EDGE_CURVE('',#1133,#1146,#142,.T.);
#1049=EDGE_CURVE('',#1135,#1147,#143,.T.);
#1050=EDGE_CURVE('',#1149,#1162,#144,.T.);
#1051=EDGE_CURVE('',#1151,#1163,#145,.T.);
#1052=EDGE_CURVE('',#1165,#1178,#146,.T.);
#1053=EDGE_CURVE('',#1167,#1179,#147,.T.);
#1054=EDGE_CURVE('',#1185,#1200,#148,.T.);
#1055=EDGE_CURVE('',#1184,#1201,#149,.T.);
#1056=EDGE_CURVE('',#1216,#1203,#150,.T.);
#1057=EDGE_CURVE('',#1217,#1205,#151,.T.);
#1058=EDGE_CURVE('',#1219,#1232,#152,.T.);
#1059=EDGE_CURVE('',#1221,#1233,#153,.T.);
#1060=EDGE_CURVE('',#1110,#1088,#1312,.T.);
#1061=EDGE_CURVE('',#1111,#1091,#1313,.T.);
#1062=EDGE_CURVE('',#1189,#1112,#154,.T.);
#1063=EDGE_CURVE('',#1211,#1109,#155,.T.);
#1064=EDGE_CURVE('',#1084,#1104,#156,.T.);
#1065=EDGE_CURVE('',#1181,#1102,#157,.T.);
#1066=EDGE_CURVE('',#1082,#1105,#158,.T.);
#1067=EDGE_CURVE('',#1210,#1108,#159,.T.);
#1068=EDGE_CURVE('',#1212,#1107,#160,.T.);
#1069=EDGE_CURVE('',#1213,#1106,#161,.T.);
#1070=EDGE_CURVE('',#1180,#1103,#162,.T.);
#1071=EDGE_CURVE('',#1186,#1115,#163,.T.);
#1072=EDGE_CURVE('',#1187,#1114,#164,.T.);
#1073=EDGE_CURVE('',#1188,#1113,#165,.T.);
#1074=VERTEX_POINT('',#2310);
#1075=VERTEX_POINT('',#2312);
#1076=VERTEX_POINT('',#2316);
#1077=VERTEX_POINT('',#2318);
#1078=VERTEX_POINT('',#2322);
#1079=VERTEX_POINT('',#2324);
#1080=VERTEX_POINT('',#2328);
#1081=VERTEX_POINT('',#2330);
#1082=VERTEX_POINT('',#2337);
#1083=VERTEX_POINT('',#2338);
#1084=VERTEX_POINT('',#2340);
#1085=VERTEX_POINT('',#2342);
#1086=VERTEX_POINT('',#2344);
#1087=VERTEX_POINT('',#2346);
#1088=VERTEX_POINT('',#2350);
#1089=VERTEX_POINT('',#2351);
#1090=VERTEX_POINT('',#2353);
#1091=VERTEX_POINT('',#2355);
#1092=VERTEX_POINT('',#2359);
#1093=VERTEX_POINT('',#2361);
#1094=VERTEX_POINT('',#2365);
#1095=VERTEX_POINT('',#2367);
#1096=VERTEX_POINT('',#2371);
#1097=VERTEX_POINT('',#2373);
#1098=VERTEX_POINT('',#2377);
#1099=VERTEX_POINT('',#2379);
#1100=VERTEX_POINT('',#2383);
#1101=VERTEX_POINT('',#2385);
#1102=VERTEX_POINT('',#2389);
#1103=VERTEX_POINT('',#2390);
#1104=VERTEX_POINT('',#2392);
#1105=VERTEX_POINT('',#2394);
#1106=VERTEX_POINT('',#2396);
#1107=VERTEX_POINT('',#2398);
#1108=VERTEX_POINT('',#2400);
#1109=VERTEX_POINT('',#2402);
#1110=VERTEX_POINT('',#2404);
#1111=VERTEX_POINT('',#2406);
#1112=VERTEX_POINT('',#2409);
#1113=VERTEX_POINT('',#2411);
#1114=VERTEX_POINT('',#2413);
#1115=VERTEX_POINT('',#2415);
#1116=VERTEX_POINT('',#2419);
#1117=VERTEX_POINT('',#2420);
#1118=VERTEX_POINT('',#2422);
#1119=VERTEX_POINT('',#2424);
#1120=VERTEX_POINT('',#2428);
#1121=VERTEX_POINT('',#2430);
#1122=VERTEX_POINT('',#2434);
#1123=VERTEX_POINT('',#2436);
#1124=VERTEX_POINT('',#2440);
#1125=VERTEX_POINT('',#2442);
#1126=VERTEX_POINT('',#2446);
#1127=VERTEX_POINT('',#2448);
#1128=VERTEX_POINT('',#2452);
#1129=VERTEX_POINT('',#2454);
#1130=VERTEX_POINT('',#2458);
#1131=VERTEX_POINT('',#2460);
#1132=VERTEX_POINT('',#2464);
#1133=VERTEX_POINT('',#2465);
#1134=VERTEX_POINT('',#2467);
#1135=VERTEX_POINT('',#2469);
#1136=VERTEX_POINT('',#2473);
#1137=VERTEX_POINT('',#2475);
#1138=VERTEX_POINT('',#2479);
#1139=VERTEX_POINT('',#2481);
#1140=VERTEX_POINT('',#2485);
#1141=VERTEX_POINT('',#2487);
#1142=VERTEX_POINT('',#2491);
#1143=VERTEX_POINT('',#2493);
#1144=VERTEX_POINT('',#2497);
#1145=VERTEX_POINT('',#2499);
#1146=VERTEX_POINT('',#2503);
#1147=VERTEX_POINT('',#2505);
#1148=VERTEX_POINT('',#2509);
#1149=VERTEX_POINT('',#2510);
#1150=VERTEX_POINT('',#2512);
#1151=VERTEX_POINT('',#2514);
#1152=VERTEX_POINT('',#2518);
#1153=VERTEX_POINT('',#2520);
#1154=VERTEX_POINT('',#2524);
#1155=VERTEX_POINT('',#2526);
#1156=VERTEX_POINT('',#2530);
#1157=VERTEX_POINT('',#2532);
#1158=VERTEX_POINT('',#2536);
#1159=VERTEX_POINT('',#2538);
#1160=VERTEX_POINT('',#2542);
#1161=VERTEX_POINT('',#2544);
#1162=VERTEX_POINT('',#2548);
#1163=VERTEX_POINT('',#2550);
#1164=VERTEX_POINT('',#2554);
#1165=VERTEX_POINT('',#2555);
#1166=VERTEX_POINT('',#2557);
#1167=VERTEX_POINT('',#2559);
#1168=VERTEX_POINT('',#2563);
#1169=VERTEX_POINT('',#2565);
#1170=VERTEX_POINT('',#2569);
#1171=VERTEX_POINT('',#2571);
#1172=VERTEX_POINT('',#2575);
#1173=VERTEX_POINT('',#2577);
#1174=VERTEX_POINT('',#2581);
#1175=VERTEX_POINT('',#2583);
#1176=VERTEX_POINT('',#2587);
#1177=VERTEX_POINT('',#2589);
#1178=VERTEX_POINT('',#2593);
#1179=VERTEX_POINT('',#2595);
#1180=VERTEX_POINT('',#2599);
#1181=VERTEX_POINT('',#2600);
#1182=VERTEX_POINT('',#2605);
#1183=VERTEX_POINT('',#2607);
#1184=VERTEX_POINT('',#2609);
#1185=VERTEX_POINT('',#2611);
#1186=VERTEX_POINT('',#2615);
#1187=VERTEX_POINT('',#2617);
#1188=VERTEX_POINT('',#2619);
#1189=VERTEX_POINT('',#2621);
#1190=VERTEX_POINT('',#2623);
#1191=VERTEX_POINT('',#2625);
#1192=VERTEX_POINT('',#2629);
#1193=VERTEX_POINT('',#2631);
#1194=VERTEX_POINT('',#2635);
#1195=VERTEX_POINT('',#2637);
#1196=VERTEX_POINT('',#2641);
#1197=VERTEX_POINT('',#2643);
#1198=VERTEX_POINT('',#2647);
#1199=VERTEX_POINT('',#2649);
#1200=VERTEX_POINT('',#2653);
#1201=VERTEX_POINT('',#2655);
#1202=VERTEX_POINT('',#2659);
#1203=VERTEX_POINT('',#2660);
#1204=VERTEX_POINT('',#2662);
#1205=VERTEX_POINT('',#2664);
#1206=VERTEX_POINT('',#2668);
#1207=VERTEX_POINT('',#2670);
#1208=VERTEX_POINT('',#2674);
#1209=VERTEX_POINT('',#2676);
#1210=VERTEX_POINT('',#2680);
#1211=VERTEX_POINT('',#2681);
#1212=VERTEX_POINT('',#2683);
#1213=VERTEX_POINT('',#2685);
#1214=VERTEX_POINT('',#2691);
#1215=VERTEX_POINT('',#2693);
#1216=VERTEX_POINT('',#2697);
#1217=VERTEX_POINT('',#2699);
#1218=VERTEX_POINT('',#2703);
#1219=VERTEX_POINT('',#2704);
#1220=VERTEX_POINT('',#2706);
#1221=VERTEX_POINT('',#2708);
#1222=VERTEX_POINT('',#2712);
#1223=VERTEX_POINT('',#2714);
#1224=VERTEX_POINT('',#2718);
#1225=VERTEX_POINT('',#2720);
#1226=VERTEX_POINT('',#2724);
#1227=VERTEX_POINT('',#2726);
#1228=VERTEX_POINT('',#2730);
#1229=VERTEX_POINT('',#2732);
#1230=VERTEX_POINT('',#2736);
#1231=VERTEX_POINT('',#2738);
#1232=VERTEX_POINT('',#2742);
#1233=VERTEX_POINT('',#2744);
#1234=CIRCLE('',#1660,0.0012);
#1235=CIRCLE('',#1661,0.0012);
#1236=CIRCLE('',#1664,0.0012);
#1237=CIRCLE('',#1665,0.0012);
#1238=CIRCLE('',#1668,0.0012);
#1239=CIRCLE('',#1669,0.0012);
#1240=CIRCLE('',#1672,0.0012);
#1241=CIRCLE('',#1673,0.0012);
#1242=CIRCLE('',#1676,0.001);
#1243=CIRCLE('',#1677,0.001);
#1244=CIRCLE('',#1680,0.0102999514578947);
#1245=CIRCLE('',#1681,0.0102999514578947);
#1246=CIRCLE('',#1684,0.0102999514578947);
#1247=CIRCLE('',#1685,0.0102999514578947);
#1248=CIRCLE('',#1688,0.0102999531640857);
#1249=CIRCLE('',#1689,0.0102999531640857);
#1250=CIRCLE('',#1691,0.001);
#1251=CIRCLE('',#1692,0.001);
#1252=CIRCLE('',#1693,0.001);
#1253=CIRCLE('',#1694,0.001);
#1254=CIRCLE('',#1696,0.001);
#1255=CIRCLE('',#1697,0.001);
#1256=CIRCLE('',#1700,0.001);
#1257=CIRCLE('',#1701,0.001);
#1258=CIRCLE('',#1704,0.001);
#1259=CIRCLE('',#1705,0.001);
#1260=CIRCLE('',#1708,0.001);
#1261=CIRCLE('',#1709,0.001);
#1262=CIRCLE('',#1711,0.001);
#1263=CIRCLE('',#1712,0.001);
#1264=CIRCLE('',#1715,0.001);
#1265=CIRCLE('',#1716,0.001);
#1266=CIRCLE('',#1719,0.001);
#1267=CIRCLE('',#1720,0.001);
#1268=CIRCLE('',#1723,0.001);
#1269=CIRCLE('',#1724,0.001);
#1270=CIRCLE('',#1726,0.001);
#1271=CIRCLE('',#1727,0.001);
#1272=CIRCLE('',#1730,0.001);
#1273=CIRCLE('',#1731,0.001);
#1274=CIRCLE('',#1734,0.001);
#1275=CIRCLE('',#1735,0.001);
#1276=CIRCLE('',#1738,0.001);
#1277=CIRCLE('',#1739,0.001);
#1278=CIRCLE('',#1741,0.001);
#1279=CIRCLE('',#1742,0.001);
#1280=CIRCLE('',#1745,0.001);
#1281=CIRCLE('',#1746,0.001);
#1282=CIRCLE('',#1749,0.001);
#1283=CIRCLE('',#1750,0.001);
#1284=CIRCLE('',#1753,0.001);
#1285=CIRCLE('',#1754,0.001);
#1286=CIRCLE('',#1756,0.001);
#1287=CIRCLE('',#1757,0.001);
#1288=CIRCLE('',#1759,0.001);
#1289=CIRCLE('',#1760,0.001);
#1290=CIRCLE('',#1762,0.00100000000000001);
#1291=CIRCLE('',#1763,0.00100000000000001);
#1292=CIRCLE('',#1766,0.001);
#1293=CIRCLE('',#1767,0.001);
#1294=CIRCLE('',#1770,0.001);
#1295=CIRCLE('',#1771,0.001);
#1296=CIRCLE('',#1773,0.001);
#1297=CIRCLE('',#1774,0.001);
#1298=CIRCLE('',#1777,0.00100000000000001);
#1299=CIRCLE('',#1778,0.00100000000000001);
#1300=CIRCLE('',#1780,0.001);
#1301=CIRCLE('',#1781,0.001);
#1302=CIRCLE('',#1784,0.001);
#1303=CIRCLE('',#1785,0.001);
#1304=CIRCLE('',#1787,0.001);
#1305=CIRCLE('',#1788,0.001);
#1306=CIRCLE('',#1791,0.001);
#1307=CIRCLE('',#1792,0.001);
#1308=CIRCLE('',#1795,0.001);
#1309=CIRCLE('',#1796,0.001);
#1310=CIRCLE('',#1799,0.001);
#1311=CIRCLE('',#1800,0.001);
#1312=CIRCLE('',#1809,0.010299951457237);
#1313=CIRCLE('',#1810,0.010299951457237);
#1314=EDGE_LOOP('',(#366));
#1315=EDGE_LOOP('',(#367));
#1316=EDGE_LOOP('',(#368));
#1317=EDGE_LOOP('',(#369));
#1318=EDGE_LOOP('',(#370));
#1319=EDGE_LOOP('',(#371));
#1320=EDGE_LOOP('',(#372));
#1321=EDGE_LOOP('',(#373));
#1322=EDGE_LOOP('',(#374));
#1323=EDGE_LOOP('',(#375));
#1324=EDGE_LOOP('',(#376));
#1325=EDGE_LOOP('',(#377));
#1326=EDGE_LOOP('',(#378,#379,#380,#381,#382,#383));
#1327=EDGE_LOOP('',(#384,#385,#386,#387));
#1328=EDGE_LOOP('',(#388,#389,#390,#391));
#1329=EDGE_LOOP('',(#392,#393,#394,#395));
#1330=EDGE_LOOP('',(#396,#397,#398,#399));
#1331=EDGE_LOOP('',(#400,#401,#402,#403));
#1332=EDGE_LOOP('',(#404,#405,#406,#407));
#1333=EDGE_LOOP('',(#408,#409,#410,#411,#412,#413,#414,#415,#416,#417,#418,
#419,#420,#421,#422,#423));
#1334=EDGE_LOOP('',(#424,#425,#426,#427));
#1335=EDGE_LOOP('',(#428,#429,#430,#431));
#1336=EDGE_LOOP('',(#432,#433,#434,#435));
#1337=EDGE_LOOP('',(#436,#437,#438,#439));
#1338=EDGE_LOOP('',(#440,#441,#442,#443));
#1339=EDGE_LOOP('',(#444,#445,#446,#447));
#1340=EDGE_LOOP('',(#448,#449,#450,#451));
#1341=EDGE_LOOP('',(#452,#453,#454,#455));
#1342=EDGE_LOOP('',(#456,#457,#458,#459));
#1343=EDGE_LOOP('',(#460,#461,#462,#463));
#1344=EDGE_LOOP('',(#464,#465,#466,#467));
#1345=EDGE_LOOP('',(#468,#469,#470,#471));
#1346=EDGE_LOOP('',(#472,#473,#474,#475));
#1347=EDGE_LOOP('',(#476,#477,#478,#479));
#1348=EDGE_LOOP('',(#480,#481,#482,#483));
#1349=EDGE_LOOP('',(#484,#485,#486,#487));
#1350=EDGE_LOOP('',(#488,#489,#490,#491));
#1351=EDGE_LOOP('',(#492,#493,#494,#495));
#1352=EDGE_LOOP('',(#496,#497,#498,#499));
#1353=EDGE_LOOP('',(#500,#501,#502,#503));
#1354=EDGE_LOOP('',(#504,#505,#506,#507));
#1355=EDGE_LOOP('',(#508,#509,#510,#511));
#1356=EDGE_LOOP('',(#512,#513,#514,#515));
#1357=EDGE_LOOP('',(#516,#517,#518,#519));
#1358=EDGE_LOOP('',(#520,#521,#522,#523));
#1359=EDGE_LOOP('',(#524,#525,#526,#527));
#1360=EDGE_LOOP('',(#528,#529,#530,#531));
#1361=EDGE_LOOP('',(#532,#533,#534,#535));
#1362=EDGE_LOOP('',(#536,#537,#538,#539,#540,#541));
#1363=EDGE_LOOP('',(#542,#543,#544,#545,#546,#547,#548,#549));
#1364=EDGE_LOOP('',(#550,#551,#552,#553));
#1365=EDGE_LOOP('',(#554,#555,#556,#557));
#1366=EDGE_LOOP('',(#558,#559,#560,#561));
#1367=EDGE_LOOP('',(#562,#563,#564,#565));
#1368=EDGE_LOOP('',(#566,#567,#568,#569));
#1369=EDGE_LOOP('',(#570,#571,#572,#573));
#1370=EDGE_LOOP('',(#574,#575,#576,#577));
#1371=EDGE_LOOP('',(#578,#579,#580,#581));
#1372=EDGE_LOOP('',(#582,#583,#584,#585,#586,#587,#588,#589));
#1373=EDGE_LOOP('',(#590,#591,#592,#593));
#1374=EDGE_LOOP('',(#594,#595,#596,#597));
#1375=EDGE_LOOP('',(#598,#599,#600,#601));
#1376=EDGE_LOOP('',(#602,#603,#604,#605));
#1377=EDGE_LOOP('',(#606,#607,#608,#609));
#1378=EDGE_LOOP('',(#610,#611,#612,#613));
#1379=EDGE_LOOP('',(#614,#615,#616,#617));
#1380=EDGE_LOOP('',(#618,#619,#620,#621));
#1381=EDGE_LOOP('',(#622,#623,#624,#625));
#1382=EDGE_LOOP('',(#626,#627,#628,#629));
#1383=EDGE_LOOP('',(#630,#631,#632,#633));
#1384=EDGE_LOOP('',(#634,#635,#636,#637));
#1385=EDGE_LOOP('',(#638,#639,#640,#641));
#1386=EDGE_LOOP('',(#642,#643,#644,#645));
#1387=EDGE_LOOP('',(#646,#647,#648,#649));
#1388=EDGE_LOOP('',(#650,#651,#652,#653));
#1389=EDGE_LOOP('',(#654,#655,#656,#657));
#1390=EDGE_LOOP('',(#658,#659,#660,#661,#662,#663,#664,#665));
#1391=EDGE_LOOP('',(#666,#667,#668,#669,#670,#671,#672,#673));
#1392=EDGE_LOOP('',(#674,#675,#676,#677,#678,#679,#680,#681));
#1393=EDGE_LOOP('',(#682,#683,#684,#685,#686,#687,#688,#689));
#1394=EDGE_LOOP('',(#690,#691,#692,#693,#694,#695,#696,#697));
#1395=EDGE_LOOP('',(#698,#699,#700,#701,#702,#703,#704,#705));
#1396=EDGE_LOOP('',(#706,#707,#708,#709,#710,#711,#712,#713));
#1397=EDGE_LOOP('',(#714,#715,#716,#717,#718,#719,#720,#721));
#1398=EDGE_LOOP('',(#722));
#1399=EDGE_LOOP('',(#723));
#1400=EDGE_LOOP('',(#724));
#1401=EDGE_LOOP('',(#725));
#1402=EDGE_LOOP('',(#726,#727,#728,#729,#730,#731,#732,#733));
#1403=EDGE_LOOP('',(#734,#735,#736,#737,#738,#739,#740,#741,#742,#743,#744,
#745,#746,#747,#748,#749,#750,#751,#752,#753,#754,#755,#756,#757,#758,#759,
#760,#761,#762,#763));
#1404=EDGE_LOOP('',(#764,#765,#766,#767,#768,#769,#770,#771));
#1405=EDGE_LOOP('',(#772,#773,#774,#775,#776,#777,#778,#779));
#1406=EDGE_LOOP('',(#780,#781,#782,#783,#784,#785,#786,#787));
#1407=EDGE_LOOP('',(#788,#789,#790,#791,#792,#793,#794,#795));
#1408=EDGE_LOOP('',(#796,#797,#798,#799));
#1409=EDGE_LOOP('',(#800,#801,#802,#803));
#1410=EDGE_LOOP('',(#804,#805,#806,#807));
#1411=EDGE_LOOP('',(#808,#809,#810,#811));
#1412=EDGE_LOOP('',(#812,#813,#814,#815,#816));
#1413=EDGE_LOOP('',(#817,#818,#819,#820));
#1414=EDGE_LOOP('',(#821,#822,#823,#824,#825));
#1415=EDGE_LOOP('',(#826,#827,#828,#829));
#1416=EDGE_LOOP('',(#830,#831,#832,#833));
#1417=EDGE_LOOP('',(#834,#835,#836,#837));
#1418=FACE_BOUND('',#1314,.T.);
#1419=FACE_BOUND('',#1315,.T.);
#1420=FACE_BOUND('',#1316,.T.);
#1421=FACE_BOUND('',#1317,.T.);
#1422=FACE_BOUND('',#1318,.T.);
#1423=FACE_BOUND('',#1319,.T.);
#1424=FACE_BOUND('',#1320,.T.);
#1425=FACE_BOUND('',#1321,.T.);
#1426=FACE_BOUND('',#1322,.T.);
#1427=FACE_BOUND('',#1323,.T.);
#1428=FACE_BOUND('',#1324,.T.);
#1429=FACE_BOUND('',#1325,.T.);
#1430=FACE_BOUND('',#1326,.T.);
#1431=FACE_BOUND('',#1327,.T.);
#1432=FACE_BOUND('',#1328,.T.);
#1433=FACE_BOUND('',#1329,.T.);
#1434=FACE_BOUND('',#1330,.T.);
#1435=FACE_BOUND('',#1331,.T.);
#1436=FACE_BOUND('',#1332,.T.);
#1437=FACE_BOUND('',#1333,.T.);
#1438=FACE_BOUND('',#1334,.T.);
#1439=FACE_BOUND('',#1335,.T.);
#1440=FACE_BOUND('',#1336,.T.);
#1441=FACE_BOUND('',#1337,.T.);
#1442=FACE_BOUND('',#1338,.T.);
#1443=FACE_BOUND('',#1339,.T.);
#1444=FACE_BOUND('',#1340,.T.);
#1445=FACE_BOUND('',#1341,.T.);
#1446=FACE_BOUND('',#1342,.T.);
#1447=FACE_BOUND('',#1343,.T.);
#1448=FACE_BOUND('',#1344,.T.);
#1449=FACE_BOUND('',#1345,.T.);
#1450=FACE_BOUND('',#1346,.T.);
#1451=FACE_BOUND('',#1347,.T.);
#1452=FACE_BOUND('',#1348,.T.);
#1453=FACE_BOUND('',#1349,.T.);
#1454=FACE_BOUND('',#1350,.T.);
#1455=FACE_BOUND('',#1351,.T.);
#1456=FACE_BOUND('',#1352,.T.);
#1457=FACE_BOUND('',#1353,.T.);
#1458=FACE_BOUND('',#1354,.T.);
#1459=FACE_BOUND('',#1355,.T.);
#1460=FACE_BOUND('',#1356,.T.);
#1461=FACE_BOUND('',#1357,.T.);
#1462=FACE_BOUND('',#1358,.T.);
#1463=FACE_BOUND('',#1359,.T.);
#1464=FACE_BOUND('',#1360,.T.);
#1465=FACE_BOUND('',#1361,.T.);
#1466=FACE_BOUND('',#1362,.T.);
#1467=FACE_BOUND('',#1363,.T.);
#1468=FACE_BOUND('',#1364,.T.);
#1469=FACE_BOUND('',#1365,.T.);
#1470=FACE_BOUND('',#1366,.T.);
#1471=FACE_BOUND('',#1367,.T.);
#1472=FACE_BOUND('',#1368,.T.);
#1473=FACE_BOUND('',#1369,.T.);
#1474=FACE_BOUND('',#1370,.T.);
#1475=FACE_BOUND('',#1371,.T.);
#1476=FACE_BOUND('',#1372,.T.);
#1477=FACE_BOUND('',#1373,.T.);
#1478=FACE_BOUND('',#1374,.T.);
#1479=FACE_BOUND('',#1375,.T.);
#1480=FACE_BOUND('',#1376,.T.);
#1481=FACE_BOUND('',#1377,.T.);
#1482=FACE_BOUND('',#1378,.T.);
#1483=FACE_BOUND('',#1379,.T.);
#1484=FACE_BOUND('',#1380,.T.);
#1485=FACE_BOUND('',#1381,.T.);
#1486=FACE_BOUND('',#1382,.T.);
#1487=FACE_BOUND('',#1383,.T.);
#1488=FACE_BOUND('',#1384,.T.);
#1489=FACE_BOUND('',#1385,.T.);
#1490=FACE_BOUND('',#1386,.T.);
#1491=FACE_BOUND('',#1387,.T.);
#1492=FACE_BOUND('',#1388,.T.);
#1493=FACE_BOUND('',#1389,.T.);
#1494=FACE_BOUND('',#1390,.T.);
#1495=FACE_BOUND('',#1391,.T.);
#1496=FACE_BOUND('',#1392,.T.);
#1497=FACE_BOUND('',#1393,.T.);
#1498=FACE_BOUND('',#1394,.T.);
#1499=FACE_BOUND('',#1395,.T.);
#1500=FACE_BOUND('',#1396,.T.);
#1501=FACE_BOUND('',#1397,.T.);
#1502=FACE_BOUND('',#1398,.T.);
#1503=FACE_BOUND('',#1399,.T.);
#1504=FACE_BOUND('',#1400,.T.);
#1505=FACE_BOUND('',#1401,.T.);
#1506=FACE_BOUND('',#1402,.T.);
#1507=FACE_BOUND('',#1403,.T.);
#1508=FACE_BOUND('',#1404,.T.);
#1509=FACE_BOUND('',#1405,.T.);
#1510=FACE_BOUND('',#1406,.T.);
#1511=FACE_BOUND('',#1407,.T.);
#1512=FACE_BOUND('',#1408,.T.);
#1513=FACE_BOUND('',#1409,.T.);
#1514=FACE_BOUND('',#1410,.T.);
#1515=FACE_BOUND('',#1411,.T.);
#1516=FACE_BOUND('',#1412,.T.);
#1517=FACE_BOUND('',#1413,.T.);
#1518=FACE_BOUND('',#1414,.T.);
#1519=FACE_BOUND('',#1415,.T.);
#1520=FACE_BOUND('',#1416,.T.);
#1521=FACE_BOUND('',#1417,.T.);
#1522=CYLINDRICAL_SURFACE('',#1659,0.0012);
#1523=CYLINDRICAL_SURFACE('',#1663,0.0012);
#1524=CYLINDRICAL_SURFACE('',#1667,0.0012);
#1525=CYLINDRICAL_SURFACE('',#1671,0.0012);
#1526=CYLINDRICAL_SURFACE('',#1675,0.001);
#1527=CYLINDRICAL_SURFACE('',#1679,0.0102999514578947);
#1528=CYLINDRICAL_SURFACE('',#1683,0.0102999514578947);
#1529=CYLINDRICAL_SURFACE('',#1687,0.0102999531640857);
#1530=CYLINDRICAL_SURFACE('',#1695,0.001);
#1531=CYLINDRICAL_SURFACE('',#1699,0.001);
#1532=CYLINDRICAL_SURFACE('',#1703,0.001);
#1533=CYLINDRICAL_SURFACE('',#1707,0.001);
#1534=CYLINDRICAL_SURFACE('',#1710,0.001);
#1535=CYLINDRICAL_SURFACE('',#1714,0.001);
#1536=CYLINDRICAL_SURFACE('',#1718,0.001);
#1537=CYLINDRICAL_SURFACE('',#1722,0.001);
#1538=CYLINDRICAL_SURFACE('',#1725,0.001);
#1539=CYLINDRICAL_SURFACE('',#1729,0.001);
#1540=CYLINDRICAL_SURFACE('',#1733,0.001);
#1541=CYLINDRICAL_SURFACE('',#1737,0.001);
#1542=CYLINDRICAL_SURFACE('',#1740,0.001);
#1543=CYLINDRICAL_SURFACE('',#1744,0.001);
#1544=CYLINDRICAL_SURFACE('',#1748,0.001);
#1545=CYLINDRICAL_SURFACE('',#1752,0.001);
#1546=CYLINDRICAL_SURFACE('',#1755,0.001);
#1547=CYLINDRICAL_SURFACE('',#1761,0.00100000000000001);
#1548=CYLINDRICAL_SURFACE('',#1765,0.001);
#1549=CYLINDRICAL_SURFACE('',#1769,0.001);
#1550=CYLINDRICAL_SURFACE('',#1772,0.001);
#1551=CYLINDRICAL_SURFACE('',#1776,0.00100000000000001);
#1552=CYLINDRICAL_SURFACE('',#1783,0.001);
#1553=CYLINDRICAL_SURFACE('',#1786,0.001);
#1554=CYLINDRICAL_SURFACE('',#1790,0.001);
#1555=CYLINDRICAL_SURFACE('',#1794,0.001);
#1556=CYLINDRICAL_SURFACE('',#1798,0.001);
#1557=CYLINDRICAL_SURFACE('',#1808,0.010299951457237);
#1558=CYLINDRICAL_SURFACE('',#1815,0.001);
#1559=CYLINDRICAL_SURFACE('',#1817,0.001);
#1560=CYLINDRICAL_SURFACE('',#1819,0.001);
#1561=CYLINDRICAL_SURFACE('',#1821,0.001);
#1562=ADVANCED_FACE('',(#1418,#1419),#1522,.T.);
#1563=ADVANCED_FACE('',(#1420),#322,.F.);
#1564=ADVANCED_FACE('',(#1421,#1422),#1523,.T.);
#1565=ADVANCED_FACE('',(#1423),#323,.F.);
#1566=ADVANCED_FACE('',(#1424,#1425),#1524,.T.);
#1567=ADVANCED_FACE('',(#1426),#324,.F.);
#1568=ADVANCED_FACE('',(#1427,#1428),#1525,.T.);
#1569=ADVANCED_FACE('',(#1429),#325,.F.);
#1570=ADVANCED_FACE('',(#1430),#1526,.F.);
#1571=ADVANCED_FACE('',(#1431),#326,.F.);
#1572=ADVANCED_FACE('',(#1432),#1527,.T.);
#1573=ADVANCED_FACE('',(#1433),#327,.F.);
#1574=ADVANCED_FACE('',(#1434),#1528,.T.);
#1575=ADVANCED_FACE('',(#1435),#328,.T.);
#1576=ADVANCED_FACE('',(#1436),#1529,.T.);
#1577=ADVANCED_FACE('',(#1437),#329,.T.);
#1578=ADVANCED_FACE('',(#1438),#1530,.F.);
#1579=ADVANCED_FACE('',(#1439),#330,.F.);
#1580=ADVANCED_FACE('',(#1440),#1531,.F.);
#1581=ADVANCED_FACE('',(#1441),#331,.F.);
#1582=ADVANCED_FACE('',(#1442),#1532,.F.);
#1583=ADVANCED_FACE('',(#1443),#332,.T.);
#1584=ADVANCED_FACE('',(#1444),#1533,.F.);
#1585=ADVANCED_FACE('',(#1445),#1534,.F.);
#1586=ADVANCED_FACE('',(#1446),#333,.T.);
#1587=ADVANCED_FACE('',(#1447),#1535,.F.);
#1588=ADVANCED_FACE('',(#1448),#334,.F.);
#1589=ADVANCED_FACE('',(#1449),#1536,.F.);
#1590=ADVANCED_FACE('',(#1450),#335,.F.);
#1591=ADVANCED_FACE('',(#1451),#1537,.F.);
#1592=ADVANCED_FACE('',(#1452),#1538,.F.);
#1593=ADVANCED_FACE('',(#1453),#336,.T.);
#1594=ADVANCED_FACE('',(#1454),#1539,.F.);
#1595=ADVANCED_FACE('',(#1455),#337,.F.);
#1596=ADVANCED_FACE('',(#1456),#1540,.F.);
#1597=ADVANCED_FACE('',(#1457),#338,.F.);
#1598=ADVANCED_FACE('',(#1458),#1541,.F.);
#1599=ADVANCED_FACE('',(#1459),#1542,.F.);
#1600=ADVANCED_FACE('',(#1460),#339,.T.);
#1601=ADVANCED_FACE('',(#1461),#1543,.F.);
#1602=ADVANCED_FACE('',(#1462),#340,.F.);
#1603=ADVANCED_FACE('',(#1463),#1544,.F.);
#1604=ADVANCED_FACE('',(#1464),#341,.F.);
#1605=ADVANCED_FACE('',(#1465),#1545,.F.);
#1606=ADVANCED_FACE('',(#1466),#1546,.F.);
#1607=ADVANCED_FACE('',(#1467),#342,.T.);
#1608=ADVANCED_FACE('',(#1468),#1547,.F.);
#1609=ADVANCED_FACE('',(#1469),#343,.F.);
#1610=ADVANCED_FACE('',(#1470),#1548,.F.);
#1611=ADVANCED_FACE('',(#1471),#344,.F.);
#1612=ADVANCED_FACE('',(#1472),#1549,.F.);
#1613=ADVANCED_FACE('',(#1473),#1550,.F.);
#1614=ADVANCED_FACE('',(#1474),#345,.T.);
#1615=ADVANCED_FACE('',(#1475),#1551,.F.);
#1616=ADVANCED_FACE('',(#1476),#346,.T.);
#1617=ADVANCED_FACE('',(#1477),#347,.F.);
#1618=ADVANCED_FACE('',(#1478),#1552,.F.);
#1619=ADVANCED_FACE('',(#1479),#1553,.F.);
#1620=ADVANCED_FACE('',(#1480),#348,.T.);
#1621=ADVANCED_FACE('',(#1481),#1554,.F.);
#1622=ADVANCED_FACE('',(#1482),#349,.F.);
#1623=ADVANCED_FACE('',(#1483),#1555,.F.);
#1624=ADVANCED_FACE('',(#1484),#350,.F.);
#1625=ADVANCED_FACE('',(#1485),#1556,.F.);
#1626=ADVANCED_FACE('',(#1486),#351,.T.);
#1627=ADVANCED_FACE('',(#1487),#352,.T.);
#1628=ADVANCED_FACE('',(#1488),#353,.T.);
#1629=ADVANCED_FACE('',(#1489),#354,.T.);
#1630=ADVANCED_FACE('',(#1490),#355,.T.);
#1631=ADVANCED_FACE('',(#1491),#356,.F.);
#1632=ADVANCED_FACE('',(#1492),#357,.T.);
#1633=ADVANCED_FACE('',(#1493),#1557,.T.);
#1634=ADVANCED_FACE('',(#1494,#1495,#1496,#1497,#1498,#1499,#1500,#1501),
#358,.T.);
#1635=ADVANCED_FACE('',(#1502,#1503,#1504,#1505,#1506,#1507,#1508,#1509,
#1510,#1511),#359,.F.);
#1636=ADVANCED_FACE('',(#1512),#360,.T.);
#1637=ADVANCED_FACE('',(#1513),#361,.F.);
#1638=ADVANCED_FACE('',(#1514),#1558,.F.);
#1639=ADVANCED_FACE('',(#1515),#362,.T.);
#1640=ADVANCED_FACE('',(#1516),#1559,.F.);
#1641=ADVANCED_FACE('',(#1517),#363,.F.);
#1642=ADVANCED_FACE('',(#1518),#1560,.F.);
#1643=ADVANCED_FACE('',(#1519),#364,.T.);
#1644=ADVANCED_FACE('',(#1520),#1561,.F.);
#1645=ADVANCED_FACE('',(#1521),#365,.T.);
#1646=CLOSED_SHELL('',(#1562,#1563,#1564,#1565,#1566,#1567,#1568,#1569,
#1570,#1571,#1572,#1573,#1574,#1575,#1576,#1577,#1578,#1579,#1580,#1581,
#1582,#1583,#1584,#1585,#1586,#1587,#1588,#1589,#1590,#1591,#1592,#1593,
#1594,#1595,#1596,#1597,#1598,#1599,#1600,#1601,#1602,#1603,#1604,#1605,
#1606,#1607,#1608,#1609,#1610,#1611,#1612,#1613,#1614,#1615,#1616,#1617,
#1618,#1619,#1620,#1621,#1622,#1623,#1624,#1625,#1626,#1627,#1628,#1629,
#1630,#1631,#1632,#1633,#1634,#1635,#1636,#1637,#1638,#1639,#1640,#1641,
#1642,#1643,#1644,#1645));
#1647=STYLED_ITEM('',(#1648),#1655);
#1648=PRESENTATION_STYLE_ASSIGNMENT((#1649));
#1649=SURFACE_STYLE_USAGE(.BOTH.,#1650);
#1650=SURFACE_SIDE_STYLE('',(#1651));
#1651=SURFACE_STYLE_FILL_AREA(#1652);
#1652=FILL_AREA_STYLE('',(#1653));
#1653=FILL_AREA_STYLE_COLOUR('',#1654);
#1654=COLOUR_RGB('',0.301960784313725,0.301960784313725,0.301960784313725);
#1655=MANIFOLD_SOLID_BREP('Part 2',#1646);
#1656=SHAPE_DEFINITION_REPRESENTATION(#2800,#1657);
#1657=SHAPE_REPRESENTATION('Part 2',(#1658),#2795);
#1658=AXIS2_PLACEMENT_3D('',#2307,#1823,#1824);
#1659=AXIS2_PLACEMENT_3D('',#2308,#1825,#1826);
#1660=AXIS2_PLACEMENT_3D('',#2309,#1827,#1828);
#1661=AXIS2_PLACEMENT_3D('',#2311,#1829,#1830);
#1662=AXIS2_PLACEMENT_3D('',#2313,#1831,#1832);
#1663=AXIS2_PLACEMENT_3D('',#2314,#1833,#1834);
#1664=AXIS2_PLACEMENT_3D('',#2315,#1835,#1836);
#1665=AXIS2_PLACEMENT_3D('',#2317,#1837,#1838);
#1666=AXIS2_PLACEMENT_3D('',#2319,#1839,#1840);
#1667=AXIS2_PLACEMENT_3D('',#2320,#1841,#1842);
#1668=AXIS2_PLACEMENT_3D('',#2321,#1843,#1844);
#1669=AXIS2_PLACEMENT_3D('',#2323,#1845,#1846);
#1670=AXIS2_PLACEMENT_3D('',#2325,#1847,#1848);
#1671=AXIS2_PLACEMENT_3D('',#2326,#1849,#1850);
#1672=AXIS2_PLACEMENT_3D('',#2327,#1851,#1852);
#1673=AXIS2_PLACEMENT_3D('',#2329,#1853,#1854);
#1674=AXIS2_PLACEMENT_3D('',#2331,#1855,#1856);
#1675=AXIS2_PLACEMENT_3D('',#2332,#1857,#1858);
#1676=AXIS2_PLACEMENT_3D('',#2341,#1860,#1861);
#1677=AXIS2_PLACEMENT_3D('',#2345,#1863,#1864);
#1678=AXIS2_PLACEMENT_3D('',#2348,#1866,#1867);
#1679=AXIS2_PLACEMENT_3D('',#2357,#1872,#1873);
#1680=AXIS2_PLACEMENT_3D('',#2358,#1874,#1875);
#1681=AXIS2_PLACEMENT_3D('',#2362,#1877,#1878);
#1682=AXIS2_PLACEMENT_3D('',#2363,#1879,#1880);
#1683=AXIS2_PLACEMENT_3D('',#2369,#1884,#1885);
#1684=AXIS2_PLACEMENT_3D('',#2370,#1886,#1887);
#1685=AXIS2_PLACEMENT_3D('',#2374,#1889,#1890);
#1686=AXIS2_PLACEMENT_3D('',#2375,#1891,#1892);
#1687=AXIS2_PLACEMENT_3D('',#2381,#1896,#1897);
#1688=AXIS2_PLACEMENT_3D('',#2382,#1898,#1899);
#1689=AXIS2_PLACEMENT_3D('',#2386,#1901,#1902);
#1690=AXIS2_PLACEMENT_3D('',#2387,#1903,#1904);
#1691=AXIS2_PLACEMENT_3D('',#2395,#1908,#1909);
#1692=AXIS2_PLACEMENT_3D('',#2399,#1911,#1912);
#1693=AXIS2_PLACEMENT_3D('',#2412,#1919,#1920);
#1694=AXIS2_PLACEMENT_3D('',#2416,#1922,#1923);
#1695=AXIS2_PLACEMENT_3D('',#2417,#1924,#1925);
#1696=AXIS2_PLACEMENT_3D('',#2418,#1926,#1927);
#1697=AXIS2_PLACEMENT_3D('',#2423,#1929,#1930);
#1698=AXIS2_PLACEMENT_3D('',#2426,#1932,#1933);
#1699=AXIS2_PLACEMENT_3D('',#2432,#1937,#1938);
#1700=AXIS2_PLACEMENT_3D('',#2433,#1939,#1940);
#1701=AXIS2_PLACEMENT_3D('',#2437,#1942,#1943);
#1702=AXIS2_PLACEMENT_3D('',#2438,#1944,#1945);
#1703=AXIS2_PLACEMENT_3D('',#2444,#1949,#1950);
#1704=AXIS2_PLACEMENT_3D('',#2445,#1951,#1952);
#1705=AXIS2_PLACEMENT_3D('',#2449,#1954,#1955);
#1706=AXIS2_PLACEMENT_3D('',#2450,#1956,#1957);
#1707=AXIS2_PLACEMENT_3D('',#2456,#1961,#1962);
#1708=AXIS2_PLACEMENT_3D('',#2457,#1963,#1964);
#1709=AXIS2_PLACEMENT_3D('',#2461,#1966,#1967);
#1710=AXIS2_PLACEMENT_3D('',#2462,#1968,#1969);
#1711=AXIS2_PLACEMENT_3D('',#2463,#1970,#1971);
#1712=AXIS2_PLACEMENT_3D('',#2468,#1973,#1974);
#1713=AXIS2_PLACEMENT_3D('',#2471,#1976,#1977);
#1714=AXIS2_PLACEMENT_3D('',#2477,#1981,#1982);
#1715=AXIS2_PLACEMENT_3D('',#2478,#1983,#1984);
#1716=AXIS2_PLACEMENT_3D('',#2482,#1986,#1987);
#1717=AXIS2_PLACEMENT_3D('',#2483,#1988,#1989);
#1718=AXIS2_PLACEMENT_3D('',#2489,#1993,#1994);
#1719=AXIS2_PLACEMENT_3D('',#2490,#1995,#1996);
#1720=AXIS2_PLACEMENT_3D('',#2494,#1998,#1999);
#1721=AXIS2_PLACEMENT_3D('',#2495,#2000,#2001);
#1722=AXIS2_PLACEMENT_3D('',#2501,#2005,#2006);
#1723=AXIS2_PLACEMENT_3D('',#2502,#2007,#2008);
#1724=AXIS2_PLACEMENT_3D('',#2506,#2010,#2011);
#1725=AXIS2_PLACEMENT_3D('',#2507,#2012,#2013);
#1726=AXIS2_PLACEMENT_3D('',#2508,#2014,#2015);
#1727=AXIS2_PLACEMENT_3D('',#2513,#2017,#2018);
#1728=AXIS2_PLACEMENT_3D('',#2516,#2020,#2021);
#1729=AXIS2_PLACEMENT_3D('',#2522,#2025,#2026);
#1730=AXIS2_PLACEMENT_3D('',#2523,#2027,#2028);
#1731=AXIS2_PLACEMENT_3D('',#2527,#2030,#2031);
#1732=AXIS2_PLACEMENT_3D('',#2528,#2032,#2033);
#1733=AXIS2_PLACEMENT_3D('',#2534,#2037,#2038);
#1734=AXIS2_PLACEMENT_3D('',#2535,#2039,#2040);
#1735=AXIS2_PLACEMENT_3D('',#2539,#2042,#2043);
#1736=AXIS2_PLACEMENT_3D('',#2540,#2044,#2045);
#1737=AXIS2_PLACEMENT_3D('',#2546,#2049,#2050);
#1738=AXIS2_PLACEMENT_3D('',#2547,#2051,#2052);
#1739=AXIS2_PLACEMENT_3D('',#2551,#2054,#2055);
#1740=AXIS2_PLACEMENT_3D('',#2552,#2056,#2057);
#1741=AXIS2_PLACEMENT_3D('',#2553,#2058,#2059);
#1742=AXIS2_PLACEMENT_3D('',#2558,#2061,#2062);
#1743=AXIS2_PLACEMENT_3D('',#2561,#2064,#2065);
#1744=AXIS2_PLACEMENT_3D('',#2567,#2069,#2070);
#1745=AXIS2_PLACEMENT_3D('',#2568,#2071,#2072);
#1746=AXIS2_PLACEMENT_3D('',#2572,#2074,#2075);
#1747=AXIS2_PLACEMENT_3D('',#2573,#2076,#2077);
#1748=AXIS2_PLACEMENT_3D('',#2579,#2081,#2082);
#1749=AXIS2_PLACEMENT_3D('',#2580,#2083,#2084);
#1750=AXIS2_PLACEMENT_3D('',#2584,#2086,#2087);
#1751=AXIS2_PLACEMENT_3D('',#2585,#2088,#2089);
#1752=AXIS2_PLACEMENT_3D('',#2591,#2093,#2094);
#1753=AXIS2_PLACEMENT_3D('',#2592,#2095,#2096);
#1754=AXIS2_PLACEMENT_3D('',#2596,#2098,#2099);
#1755=AXIS2_PLACEMENT_3D('',#2597,#2100,#2101);
#1756=AXIS2_PLACEMENT_3D('',#2608,#2104,#2105);
#1757=AXIS2_PLACEMENT_3D('',#2612,#2107,#2108);
#1758=AXIS2_PLACEMENT_3D('',#2613,#2109,#2110);
#1759=AXIS2_PLACEMENT_3D('',#2614,#2111,#2112);
#1760=AXIS2_PLACEMENT_3D('',#2618,#2114,#2115);
#1761=AXIS2_PLACEMENT_3D('',#2627,#2120,#2121);
#1762=AXIS2_PLACEMENT_3D('',#2628,#2122,#2123);
#1763=AXIS2_PLACEMENT_3D('',#2632,#2125,#2126);
#1764=AXIS2_PLACEMENT_3D('',#2633,#2127,#2128);
#1765=AXIS2_PLACEMENT_3D('',#2639,#2132,#2133);
#1766=AXIS2_PLACEMENT_3D('',#2640,#2134,#2135);
#1767=AXIS2_PLACEMENT_3D('',#2644,#2137,#2138);
#1768=AXIS2_PLACEMENT_3D('',#2645,#2139,#2140);
#1769=AXIS2_PLACEMENT_3D('',#2651,#2144,#2145);
#1770=AXIS2_PLACEMENT_3D('',#2652,#2146,#2147);
#1771=AXIS2_PLACEMENT_3D('',#2656,#2149,#2150);
#1772=AXIS2_PLACEMENT_3D('',#2657,#2151,#2152);
#1773=AXIS2_PLACEMENT_3D('',#2658,#2153,#2154);
#1774=AXIS2_PLACEMENT_3D('',#2663,#2156,#2157);
#1775=AXIS2_PLACEMENT_3D('',#2666,#2159,#2160);
#1776=AXIS2_PLACEMENT_3D('',#2672,#2164,#2165);
#1777=AXIS2_PLACEMENT_3D('',#2673,#2166,#2167);
#1778=AXIS2_PLACEMENT_3D('',#2677,#2169,#2170);
#1779=AXIS2_PLACEMENT_3D('',#2678,#2171,#2172);
#1780=AXIS2_PLACEMENT_3D('',#2682,#2174,#2175);
#1781=AXIS2_PLACEMENT_3D('',#2686,#2177,#2178);
#1782=AXIS2_PLACEMENT_3D('',#2689,#2181,#2182);
#1783=AXIS2_PLACEMENT_3D('',#2695,#2186,#2187);
#1784=AXIS2_PLACEMENT_3D('',#2696,#2188,#2189);
#1785=AXIS2_PLACEMENT_3D('',#2700,#2191,#2192);
#1786=AXIS2_PLACEMENT_3D('',#2701,#2193,#2194);
#1787=AXIS2_PLACEMENT_3D('',#2702,#2195,#2196);
#1788=AXIS2_PLACEMENT_3D('',#2707,#2198,#2199);
#1789=AXIS2_PLACEMENT_3D('',#2710,#2201,#2202);
#1790=AXIS2_PLACEMENT_3D('',#2716,#2206,#2207);
#1791=AXIS2_PLACEMENT_3D('',#2717,#2208,#2209);
#1792=AXIS2_PLACEMENT_3D('',#2721,#2211,#2212);
#1793=AXIS2_PLACEMENT_3D('',#2722,#2213,#2214);
#1794=AXIS2_PLACEMENT_3D('',#2728,#2218,#2219);
#1795=AXIS2_PLACEMENT_3D('',#2729,#2220,#2221);
#1796=AXIS2_PLACEMENT_3D('',#2733,#2223,#2224);
#1797=AXIS2_PLACEMENT_3D('',#2734,#2225,#2226);
#1798=AXIS2_PLACEMENT_3D('',#2740,#2230,#2231);
#1799=AXIS2_PLACEMENT_3D('',#2741,#2232,#2233);
#1800=AXIS2_PLACEMENT_3D('',#2745,#2235,#2236);
#1801=AXIS2_PLACEMENT_3D('',#2746,#2237,#2238);
#1802=AXIS2_PLACEMENT_3D('',#2749,#2241,#2242);
#1803=AXIS2_PLACEMENT_3D('',#2752,#2245,#2246);
#1804=AXIS2_PLACEMENT_3D('',#2755,#2249,#2250);
#1805=AXIS2_PLACEMENT_3D('',#2758,#2253,#2254);
#1806=AXIS2_PLACEMENT_3D('',#2761,#2257,#2258);
#1807=AXIS2_PLACEMENT_3D('',#2764,#2261,#2262);
#1808=AXIS2_PLACEMENT_3D('',#2767,#2265,#2266);
#1809=AXIS2_PLACEMENT_3D('',#2768,#2267,#2268);
#1810=AXIS2_PLACEMENT_3D('',#2769,#2269,#2270);
#1811=AXIS2_PLACEMENT_3D('',#2770,#2271,#2272);
#1812=AXIS2_PLACEMENT_3D('',#2771,#2273,#2274);
#1813=AXIS2_PLACEMENT_3D('',#2776,#2279,#2280);
#1814=AXIS2_PLACEMENT_3D('',#2778,#2282,#2283);
#1815=AXIS2_PLACEMENT_3D('',#2780,#2285,#2286);
#1816=AXIS2_PLACEMENT_3D('',#2782,#2288,#2289);
#1817=AXIS2_PLACEMENT_3D('',#2784,#2291,#2292);
#1818=AXIS2_PLACEMENT_3D('',#2785,#2293,#2294);
#1819=AXIS2_PLACEMENT_3D('',#2787,#2296,#2297);
#1820=AXIS2_PLACEMENT_3D('',#2789,#2299,#2300);
#1821=AXIS2_PLACEMENT_3D('',#2791,#2302,#2303);
#1822=AXIS2_PLACEMENT_3D('',#2793,#2305,#2306);
#1823=DIRECTION('',(0.,0.,1.));
#1824=DIRECTION('',(1.,0.,0.));
#1825=DIRECTION('',(-1.22464679914735E-16,0.,-1.));
#1826=DIRECTION('',(-1.,0.,1.22464679914735E-16));
#1827=DIRECTION('',(-1.22464679914735E-16,0.,-1.));
#1828=DIRECTION('',(-1.,0.,1.22464679914735E-16));
#1829=DIRECTION('',(-1.22464679914735E-16,0.,-1.));
#1830=DIRECTION('',(-1.,0.,1.22464679914735E-16));
#1831=DIRECTION('',(-1.22464679914735E-16,0.,-1.));
#1832=DIRECTION('',(-1.,0.,1.22464679914735E-16));
#1833=DIRECTION('',(-1.22464679914735E-16,0.,-1.));
#1834=DIRECTION('',(-1.,0.,1.22464679914735E-16));
#1835=DIRECTION('',(-1.22464679914735E-16,0.,-1.));
#1836=DIRECTION('',(-1.,0.,1.22464679914735E-16));
#1837=DIRECTION('',(-1.22464679914735E-16,0.,-1.));
#1838=DIRECTION('',(-1.,0.,1.22464679914735E-16));
#1839=DIRECTION('',(-1.22464679914735E-16,0.,-1.));
#1840=DIRECTION('',(-1.,0.,1.22464679914735E-16));
#1841=DIRECTION('',(-1.22464679914735E-16,0.,-1.));
#1842=DIRECTION('',(-1.,0.,1.22464679914735E-16));
#1843=DIRECTION('',(-1.22464679914735E-16,0.,-1.));
#1844=DIRECTION('',(-1.,0.,1.22464679914735E-16));
#1845=DIRECTION('',(-1.22464679914735E-16,0.,-1.));
#1846=DIRECTION('',(-1.,0.,1.22464679914735E-16));
#1847=DIRECTION('',(-1.22464679914735E-16,0.,-1.));
#1848=DIRECTION('',(-1.,0.,1.22464679914735E-16));
#1849=DIRECTION('',(-1.22464679914735E-16,0.,-1.));
#1850=DIRECTION('',(-1.,0.,1.22464679914735E-16));
#1851=DIRECTION('',(-1.22464679914735E-16,0.,-1.));
#1852=DIRECTION('',(-1.,0.,1.22464679914735E-16));
#1853=DIRECTION('',(-1.22464679914735E-16,0.,-1.));
#1854=DIRECTION('',(-1.,0.,1.22464679914735E-16));
#1855=DIRECTION('',(-1.22464679914735E-16,0.,-1.));
#1856=DIRECTION('',(-1.,0.,1.22464679914735E-16));
#1857=DIRECTION('',(1.22464679914735E-16,0.,1.));
#1858=DIRECTION('',(1.,0.,-1.22464679914735E-16));
#1859=DIRECTION('',(1.22464679914735E-16,0.,1.));
#1860=DIRECTION('',(-1.22464679914735E-16,0.,-1.));
#1861=DIRECTION('',(-1.,0.,1.22464679914735E-16));
#1862=DIRECTION('',(1.22464679914735E-16,0.,1.));
#1863=DIRECTION('',(-1.22464679914735E-16,0.,-1.));
#1864=DIRECTION('',(-1.,0.,1.22464679914735E-16));
#1865=DIRECTION('',(1.22464679914735E-16,0.,1.));
#1866=DIRECTION('',(9.63138950970011E-12,1.,-1.17950503343956E-27));
#1867=DIRECTION('',(1.,-9.63138950970011E-12,-1.22464679914735E-16));
#1868=DIRECTION('',(-1.,9.63138950970011E-12,1.22464679914735E-16));
#1869=DIRECTION('',(1.22464679914735E-16,0.,1.));
#1870=DIRECTION('',(-1.,9.63138950970011E-12,1.22464679914735E-16));
#1871=DIRECTION('',(1.22464679914735E-16,0.,1.));
#1872=DIRECTION('',(1.22464679914735E-16,0.,1.));
#1873=DIRECTION('',(1.,0.,-1.22464679914735E-16));
#1874=DIRECTION('',(-1.22464679914735E-16,0.,-1.));
#1875=DIRECTION('',(-1.,0.,1.22464679914735E-16));
#1876=DIRECTION('',(1.22464679914735E-16,0.,1.));
#1877=DIRECTION('',(-1.22464679914735E-16,0.,-1.));
#1878=DIRECTION('',(-1.,0.,1.22464679914735E-16));
#1879=DIRECTION('',(1.,0.,-1.22464679914735E-16));
#1880=DIRECTION('',(-1.22464679914735E-16,0.,-1.));
#1881=DIRECTION('',(0.,1.,0.));
#1882=DIRECTION('',(1.22464679914735E-16,0.,1.));
#1883=DIRECTION('',(0.,1.,0.));
#1884=DIRECTION('',(1.22464679914735E-16,0.,1.));
#1885=DIRECTION('',(1.,0.,-1.22464679914735E-16));
#1886=DIRECTION('',(-1.22464679914735E-16,0.,-1.));
#1887=DIRECTION('',(-1.,0.,1.22464679914735E-16));
#1888=DIRECTION('',(1.22464679914735E-16,0.,1.));
#1889=DIRECTION('',(-1.22464679914735E-16,0.,-1.));
#1890=DIRECTION('',(-1.,0.,1.22464679914735E-16));
#1891=DIRECTION('',(0.,1.,0.));
#1892=DIRECTION('',(-1.22464679914735E-16,0.,-1.));
#1893=DIRECTION('',(-1.,0.,1.22464679914735E-16));
#1894=DIRECTION('',(1.22464679914735E-16,0.,1.));
#1895=DIRECTION('',(-1.,0.,1.22464679914735E-16));
#1896=DIRECTION('',(1.22464679914735E-16,0.,1.));
#1897=DIRECTION('',(1.,0.,-1.22464679914735E-16));
#1898=DIRECTION('',(-1.22464679914735E-16,0.,-1.));
#1899=DIRECTION('',(-1.,0.,1.22464679914735E-16));
#1900=DIRECTION('',(1.22464679914735E-16,0.,1.));
#1901=DIRECTION('',(-1.22464679914735E-16,0.,-1.));
#1902=DIRECTION('',(-1.,0.,1.22464679914735E-16));
#1903=DIRECTION('',(1.,2.11167575882123E-12,-1.22464679914735E-16));
#1904=DIRECTION('',(2.11167575882123E-12,-1.,-2.58605695887747E-28));
#1905=DIRECTION('',(-1.22464679914735E-16,0.,-1.));
#1906=DIRECTION('',(-2.11167575882123E-12,1.,2.58605695887747E-28));
#1907=DIRECTION('',(-1.22464679914735E-16,0.,-1.));
#1908=DIRECTION('',(1.,2.11167575882123E-12,-1.22464679914735E-16));
#1909=DIRECTION('',(2.11167575882123E-12,-1.,-2.58605695887747E-28));
#1910=DIRECTION('',(2.11167575882123E-12,-1.,-2.58605695887747E-28));
#1911=DIRECTION('',(1.,2.11167575882123E-12,-1.22464679914735E-16));
#1912=DIRECTION('',(2.11167575882123E-12,-1.,-2.58605695887747E-28));
#1913=DIRECTION('',(-1.22464679914735E-16,0.,-1.));
#1914=DIRECTION('',(-2.11167575882123E-12,1.,2.58605695887747E-28));
#1915=DIRECTION('',(1.22464679914735E-16,0.,1.));
#1916=DIRECTION('',(-2.11167575882123E-12,1.,2.58605695887747E-28));
#1917=DIRECTION('',(-2.11167575882123E-12,1.,2.58605695887747E-28));
#1918=DIRECTION('',(-1.22464679914735E-16,0.,-1.));
#1919=DIRECTION('',(1.,2.11167575882123E-12,-1.22464679914735E-16));
#1920=DIRECTION('',(2.11167575882123E-12,-1.,-2.58605695887747E-28));
#1921=DIRECTION('',(2.11167575882123E-12,-1.,-2.58605695887747E-28));
#1922=DIRECTION('',(1.,2.11167575882123E-12,-1.22464679914735E-16));
#1923=DIRECTION('',(2.11167575882123E-12,-1.,-2.58605695887747E-28));
#1924=DIRECTION('',(1.22464679914735E-16,0.,1.));
#1925=DIRECTION('',(1.,0.,-1.22464679914735E-16));
#1926=DIRECTION('',(-1.22464679914735E-16,0.,-1.));
#1927=DIRECTION('',(-1.,0.,1.22464679914735E-16));
#1928=DIRECTION('',(1.22464679914735E-16,0.,1.));
#1929=DIRECTION('',(-1.22464679914735E-16,0.,-1.));
#1930=DIRECTION('',(-1.,0.,1.22464679914735E-16));
#1931=DIRECTION('',(1.22464679914735E-16,0.,1.));
#1932=DIRECTION('',(0.,1.,0.));
#1933=DIRECTION('',(-1.22464679914735E-16,0.,-1.));
#1934=DIRECTION('',(-1.,0.,1.22464679914735E-16));
#1935=DIRECTION('',(1.22464679914735E-16,0.,1.));
#1936=DIRECTION('',(-1.,0.,1.22464679914735E-16));
#1937=DIRECTION('',(1.22464679914735E-16,0.,1.));
#1938=DIRECTION('',(1.,0.,-1.22464679914735E-16));
#1939=DIRECTION('',(-1.22464679914735E-16,0.,-1.));
#1940=DIRECTION('',(-1.,0.,1.22464679914735E-16));
#1941=DIRECTION('',(1.22464679914735E-16,0.,1.));
#1942=DIRECTION('',(-1.22464679914735E-16,0.,-1.));
#1943=DIRECTION('',(-1.,0.,1.22464679914735E-16));
#1944=DIRECTION('',(-1.,0.,1.22464679914735E-16));
#1945=DIRECTION('',(1.22464679914735E-16,0.,1.));
#1946=DIRECTION('',(0.,-1.,0.));
#1947=DIRECTION('',(1.22464679914735E-16,0.,1.));
#1948=DIRECTION('',(0.,-1.,0.));
#1949=DIRECTION('',(1.22464679914735E-16,0.,1.));
#1950=DIRECTION('',(1.,0.,-1.22464679914735E-16));
#1951=DIRECTION('',(-1.22464679914735E-16,0.,-1.));
#1952=DIRECTION('',(-1.,0.,1.22464679914735E-16));
#1953=DIRECTION('',(1.22464679914735E-16,0.,1.));
#1954=DIRECTION('',(-1.22464679914735E-16,0.,-1.));
#1955=DIRECTION('',(-1.,0.,1.22464679914735E-16));
#1956=DIRECTION('',(0.,1.,0.));
#1957=DIRECTION('',(-1.22464679914735E-16,0.,-1.));
#1958=DIRECTION('',(-1.,0.,1.22464679914735E-16));
#1959=DIRECTION('',(1.22464679914735E-16,0.,1.));
#1960=DIRECTION('',(-1.,0.,1.22464679914735E-16));
#1961=DIRECTION('',(1.22464679914735E-16,0.,1.));
#1962=DIRECTION('',(1.,0.,-1.22464679914735E-16));
#1963=DIRECTION('',(-1.22464679914735E-16,0.,-1.));
#1964=DIRECTION('',(-1.,0.,1.22464679914735E-16));
#1965=DIRECTION('',(1.22464679914735E-16,0.,1.));
#1966=DIRECTION('',(-1.22464679914735E-16,0.,-1.));
#1967=DIRECTION('',(-1.,0.,1.22464679914735E-16));
#1968=DIRECTION('',(1.22464679914735E-16,0.,1.));
#1969=DIRECTION('',(1.,0.,-1.22464679914735E-16));
#1970=DIRECTION('',(-1.22464679914735E-16,0.,-1.));
#1971=DIRECTION('',(-1.,0.,1.22464679914735E-16));
#1972=DIRECTION('',(1.22464679914735E-16,0.,1.));
#1973=DIRECTION('',(-1.22464679914735E-16,0.,-1.));
#1974=DIRECTION('',(-1.,0.,1.22464679914735E-16));
#1975=DIRECTION('',(1.22464679914735E-16,0.,1.));
#1976=DIRECTION('',(-1.,0.,1.22464679914735E-16));
#1977=DIRECTION('',(1.22464679914735E-16,0.,1.));
#1978=DIRECTION('',(0.,-1.,0.));
#1979=DIRECTION('',(1.22464679914735E-16,0.,1.));
#1980=DIRECTION('',(0.,-1.,0.));
#1981=DIRECTION('',(1.22464679914735E-16,0.,1.));
#1982=DIRECTION('',(1.,0.,-1.22464679914735E-16));
#1983=DIRECTION('',(-1.22464679914735E-16,0.,-1.));
#1984=DIRECTION('',(-1.,0.,1.22464679914735E-16));
#1985=DIRECTION('',(1.22464679914735E-16,0.,1.));
#1986=DIRECTION('',(-1.22464679914735E-16,0.,-1.));
#1987=DIRECTION('',(-1.,0.,1.22464679914735E-16));
#1988=DIRECTION('',(0.,1.,0.));
#1989=DIRECTION('',(-1.22464679914735E-16,0.,-1.));
#1990=DIRECTION('',(-1.,0.,1.22464679914735E-16));
#1991=DIRECTION('',(1.22464679914735E-16,0.,1.));
#1992=DIRECTION('',(-1.,0.,1.22464679914735E-16));
#1993=DIRECTION('',(1.22464679914735E-16,0.,1.));
#1994=DIRECTION('',(1.,0.,-1.22464679914735E-16));
#1995=DIRECTION('',(-1.22464679914735E-16,0.,-1.));
#1996=DIRECTION('',(-1.,0.,1.22464679914735E-16));
#1997=DIRECTION('',(1.22464679914735E-16,0.,1.));
#1998=DIRECTION('',(-1.22464679914735E-16,0.,-1.));
#1999=DIRECTION('',(-1.,0.,1.22464679914735E-16));
#2000=DIRECTION('',(-1.,0.,1.22464679914735E-16));
#2001=DIRECTION('',(1.22464679914735E-16,0.,1.));
#2002=DIRECTION('',(0.,-1.,0.));
#2003=DIRECTION('',(1.22464679914735E-16,0.,1.));
#2004=DIRECTION('',(0.,-1.,0.));
#2005=DIRECTION('',(1.22464679914735E-16,0.,1.));
#2006=DIRECTION('',(1.,0.,-1.22464679914735E-16));
#2007=DIRECTION('',(-1.22464679914735E-16,0.,-1.));
#2008=DIRECTION('',(-1.,0.,1.22464679914735E-16));
#2009=DIRECTION('',(1.22464679914735E-16,0.,1.));
#2010=DIRECTION('',(-1.22464679914735E-16,0.,-1.));
#2011=DIRECTION('',(-1.,0.,1.22464679914735E-16));
#2012=DIRECTION('',(1.22464679914735E-16,0.,1.));
#2013=DIRECTION('',(1.,0.,-1.22464679914735E-16));
#2014=DIRECTION('',(-1.22464679914735E-16,0.,-1.));
#2015=DIRECTION('',(-1.,0.,1.22464679914735E-16));
#2016=DIRECTION('',(1.22464679914735E-16,0.,1.));
#2017=DIRECTION('',(-1.22464679914735E-16,0.,-1.));
#2018=DIRECTION('',(-1.,0.,1.22464679914735E-16));
#2019=DIRECTION('',(1.22464679914735E-16,0.,1.));
#2020=DIRECTION('',(-1.,0.,1.22464679914735E-16));
#2021=DIRECTION('',(1.22464679914735E-16,0.,1.));
#2022=DIRECTION('',(0.,-1.,0.));
#2023=DIRECTION('',(1.22464679914735E-16,0.,1.));
#2024=DIRECTION('',(0.,-1.,0.));
#2025=DIRECTION('',(1.22464679914735E-16,0.,1.));
#2026=DIRECTION('',(1.,0.,-1.22464679914735E-16));
#2027=DIRECTION('',(-1.22464679914735E-16,0.,-1.));
#2028=DIRECTION('',(-1.,0.,1.22464679914735E-16));
#2029=DIRECTION('',(1.22464679914735E-16,0.,1.));
#2030=DIRECTION('',(-1.22464679914735E-16,0.,-1.));
#2031=DIRECTION('',(-1.,0.,1.22464679914735E-16));
#2032=DIRECTION('',(0.,1.,0.));
#2033=DIRECTION('',(-1.22464679914735E-16,0.,-1.));
#2034=DIRECTION('',(-1.,0.,1.22464679914735E-16));
#2035=DIRECTION('',(1.22464679914735E-16,0.,1.));
#2036=DIRECTION('',(-1.,0.,1.22464679914735E-16));
#2037=DIRECTION('',(1.22464679914735E-16,0.,1.));
#2038=DIRECTION('',(1.,0.,-1.22464679914735E-16));
#2039=DIRECTION('',(-1.22464679914735E-16,0.,-1.));
#2040=DIRECTION('',(-1.,0.,1.22464679914735E-16));
#2041=DIRECTION('',(1.22464679914735E-16,0.,1.));
#2042=DIRECTION('',(-1.22464679914735E-16,0.,-1.));
#2043=DIRECTION('',(-1.,0.,1.22464679914735E-16));
#2044=DIRECTION('',(-1.,0.,1.22464679914735E-16));
#2045=DIRECTION('',(1.22464679914735E-16,0.,1.));
#2046=DIRECTION('',(0.,-1.,0.));
#2047=DIRECTION('',(1.22464679914735E-16,0.,1.));
#2048=DIRECTION('',(0.,-1.,0.));
#2049=DIRECTION('',(1.22464679914735E-16,0.,1.));
#2050=DIRECTION('',(1.,0.,-1.22464679914735E-16));
#2051=DIRECTION('',(-1.22464679914735E-16,0.,-1.));
#2052=DIRECTION('',(-1.,0.,1.22464679914735E-16));
#2053=DIRECTION('',(1.22464679914735E-16,0.,1.));
#2054=DIRECTION('',(-1.22464679914735E-16,0.,-1.));
#2055=DIRECTION('',(-1.,0.,1.22464679914735E-16));
#2056=DIRECTION('',(1.22464679914735E-16,0.,1.));
#2057=DIRECTION('',(1.,0.,-1.22464679914735E-16));
#2058=DIRECTION('',(-1.22464679914735E-16,0.,-1.));
#2059=DIRECTION('',(-1.,0.,1.22464679914735E-16));
#2060=DIRECTION('',(1.22464679914735E-16,0.,1.));
#2061=DIRECTION('',(-1.22464679914735E-16,0.,-1.));
#2062=DIRECTION('',(-1.,0.,1.22464679914735E-16));
#2063=DIRECTION('',(1.22464679914735E-16,0.,1.));
#2064=DIRECTION('',(-1.,0.,1.22464679914735E-16));
#2065=DIRECTION('',(1.22464679914735E-16,0.,1.));
#2066=DIRECTION('',(0.,-1.,0.));
#2067=DIRECTION('',(1.22464679914735E-16,0.,1.));
#2068=DIRECTION('',(0.,-1.,0.));
#2069=DIRECTION('',(1.22464679914735E-16,0.,1.));
#2070=DIRECTION('',(1.,0.,-1.22464679914735E-16));
#2071=DIRECTION('',(-1.22464679914735E-16,0.,-1.));
#2072=DIRECTION('',(-1.,0.,1.22464679914735E-16));
#2073=DIRECTION('',(1.22464679914735E-16,0.,1.));
#2074=DIRECTION('',(-1.22464679914735E-16,0.,-1.));
#2075=DIRECTION('',(-1.,0.,1.22464679914735E-16));
#2076=DIRECTION('',(0.,1.,0.));
#2077=DIRECTION('',(-1.22464679914735E-16,0.,-1.));
#2078=DIRECTION('',(-1.,0.,1.22464679914735E-16));
#2079=DIRECTION('',(1.22464679914735E-16,0.,1.));
#2080=DIRECTION('',(-1.,0.,1.22464679914735E-16));
#2081=DIRECTION('',(1.22464679914735E-16,0.,1.));
#2082=DIRECTION('',(1.,0.,-1.22464679914735E-16));
#2083=DIRECTION('',(-1.22464679914735E-16,0.,-1.));
#2084=DIRECTION('',(-1.,0.,1.22464679914735E-16));
#2085=DIRECTION('',(1.22464679914735E-16,0.,1.));
#2086=DIRECTION('',(-1.22464679914735E-16,0.,-1.));
#2087=DIRECTION('',(-1.,0.,1.22464679914735E-16));
#2088=DIRECTION('',(-1.,0.,1.22464679914735E-16));
#2089=DIRECTION('',(1.22464679914735E-16,0.,1.));
#2090=DIRECTION('',(0.,-1.,0.));
#2091=DIRECTION('',(1.22464679914735E-16,0.,1.));
#2092=DIRECTION('',(0.,-1.,0.));
#2093=DIRECTION('',(1.22464679914735E-16,0.,1.));
#2094=DIRECTION('',(1.,0.,-1.22464679914735E-16));
#2095=DIRECTION('',(-1.22464679914735E-16,0.,-1.));
#2096=DIRECTION('',(-1.,0.,1.22464679914735E-16));
#2097=DIRECTION('',(1.22464679914735E-16,0.,1.));
#2098=DIRECTION('',(-1.22464679914735E-16,0.,-1.));
#2099=DIRECTION('',(-1.,0.,1.22464679914735E-16));
#2100=DIRECTION('',(1.22464679914735E-16,0.,1.));
#2101=DIRECTION('',(1.,0.,-1.22464679914735E-16));
#2102=DIRECTION('',(1.22464679914735E-16,0.,1.));
#2103=DIRECTION('',(1.22464679914735E-16,0.,1.));
#2104=DIRECTION('',(-1.22464679914735E-16,0.,-1.));
#2105=DIRECTION('',(-1.,0.,1.22464679914735E-16));
#2106=DIRECTION('',(1.22464679914735E-16,0.,1.));
#2107=DIRECTION('',(-1.22464679914735E-16,0.,-1.));
#2108=DIRECTION('',(-1.,0.,1.22464679914735E-16));
#2109=DIRECTION('',(-1.,0.,1.22464679914735E-16));
#2110=DIRECTION('',(1.22464679914735E-16,0.,1.));
#2111=DIRECTION('',(-1.,0.,1.22464679914735E-16));
#2112=DIRECTION('',(1.22464679914735E-16,0.,1.));
#2113=DIRECTION('',(0.,1.,0.));
#2114=DIRECTION('',(-1.,0.,1.22464679914735E-16));
#2115=DIRECTION('',(1.22464679914735E-16,0.,1.));
#2116=DIRECTION('',(1.22464679914735E-16,0.,1.));
#2117=DIRECTION('',(0.,-1.,0.));
#2118=DIRECTION('',(1.22464679914735E-16,0.,1.));
#2119=DIRECTION('',(0.,-1.,0.));
#2120=DIRECTION('',(1.22464679914735E-16,0.,1.));
#2121=DIRECTION('',(1.,0.,-1.22464679914735E-16));
#2122=DIRECTION('',(-1.22464679914735E-16,0.,-1.));
#2123=DIRECTION('',(-1.,0.,1.22464679914735E-16));
#2124=DIRECTION('',(1.22464679914735E-16,0.,1.));
#2125=DIRECTION('',(-1.22464679914735E-16,0.,-1.));
#2126=DIRECTION('',(-1.,0.,1.22464679914735E-16));
#2127=DIRECTION('',(0.,1.,0.));
#2128=DIRECTION('',(-1.22464679914735E-16,0.,-1.));
#2129=DIRECTION('',(-1.,0.,1.22464679914735E-16));
#2130=DIRECTION('',(1.22464679914735E-16,0.,1.));
#2131=DIRECTION('',(-1.,0.,1.22464679914735E-16));
#2132=DIRECTION('',(1.22464679914735E-16,0.,1.));
#2133=DIRECTION('',(1.,0.,-1.22464679914735E-16));
#2134=DIRECTION('',(-1.22464679914735E-16,0.,-1.));
#2135=DIRECTION('',(-1.,0.,1.22464679914735E-16));
#2136=DIRECTION('',(1.22464679914735E-16,0.,1.));
#2137=DIRECTION('',(-1.22464679914735E-16,0.,-1.));
#2138=DIRECTION('',(-1.,0.,1.22464679914735E-16));
#2139=DIRECTION('',(-1.,0.,1.22464679914735E-16));
#2140=DIRECTION('',(1.22464679914735E-16,0.,1.));
#2141=DIRECTION('',(0.,-1.,0.));
#2142=DIRECTION('',(1.22464679914735E-16,0.,1.));
#2143=DIRECTION('',(0.,-1.,0.));
#2144=DIRECTION('',(1.22464679914735E-16,0.,1.));
#2145=DIRECTION('',(1.,0.,-1.22464679914735E-16));
#2146=DIRECTION('',(-1.22464679914735E-16,0.,-1.));
#2147=DIRECTION('',(-1.,0.,1.22464679914735E-16));
#2148=DIRECTION('',(1.22464679914735E-16,0.,1.));
#2149=DIRECTION('',(-1.22464679914735E-16,0.,-1.));
#2150=DIRECTION('',(-1.,0.,1.22464679914735E-16));
#2151=DIRECTION('',(1.22464679914735E-16,0.,1.));
#2152=DIRECTION('',(1.,0.,-1.22464679914735E-16));
#2153=DIRECTION('',(-1.22464679914735E-16,0.,-1.));
#2154=DIRECTION('',(-1.,0.,1.22464679914735E-16));
#2155=DIRECTION('',(1.22464679914735E-16,0.,1.));
#2156=DIRECTION('',(-1.22464679914735E-16,0.,-1.));
#2157=DIRECTION('',(-1.,0.,1.22464679914735E-16));
#2158=DIRECTION('',(1.22464679914735E-16,0.,1.));
#2159=DIRECTION('',(0.,1.,0.));
#2160=DIRECTION('',(-1.22464679914735E-16,0.,-1.));
#2161=DIRECTION('',(-1.,0.,1.22464679914735E-16));
#2162=DIRECTION('',(1.22464679914735E-16,0.,1.));
#2163=DIRECTION('',(-1.,0.,1.22464679914735E-16));
#2164=DIRECTION('',(1.22464679914735E-16,0.,1.));
#2165=DIRECTION('',(1.,0.,-1.22464679914735E-16));
#2166=DIRECTION('',(-1.22464679914735E-16,0.,-1.));
#2167=DIRECTION('',(-1.,0.,1.22464679914735E-16));
#2168=DIRECTION('',(1.22464679914735E-16,0.,1.));
#2169=DIRECTION('',(-1.22464679914735E-16,0.,-1.));
#2170=DIRECTION('',(-1.,0.,1.22464679914735E-16));
#2171=DIRECTION('',(-1.,0.,1.22464679914735E-16));
#2172=DIRECTION('',(1.22464679914735E-16,0.,1.));
#2173=DIRECTION('',(1.22464679914735E-16,0.,1.));
#2174=DIRECTION('',(-1.,0.,1.22464679914735E-16));
#2175=DIRECTION('',(1.22464679914735E-16,0.,1.));
#2176=DIRECTION('',(0.,1.,0.));
#2177=DIRECTION('',(-1.,0.,1.22464679914735E-16));
#2178=DIRECTION('',(1.22464679914735E-16,0.,1.));
#2179=DIRECTION('',(0.,-1.,0.));
#2180=DIRECTION('',(0.,-1.,0.));
#2181=DIRECTION('',(0.,1.,0.));
#2182=DIRECTION('',(-1.22464679914735E-16,0.,-1.));
#2183=DIRECTION('',(-1.,0.,1.22464679914735E-16));
#2184=DIRECTION('',(1.22464679914735E-16,0.,1.));
#2185=DIRECTION('',(-1.,0.,1.22464679914735E-16));
#2186=DIRECTION('',(1.22464679914735E-16,0.,1.));
#2187=DIRECTION('',(1.,0.,-1.22464679914735E-16));
#2188=DIRECTION('',(-1.22464679914735E-16,0.,-1.));
#2189=DIRECTION('',(-1.,0.,1.22464679914735E-16));
#2190=DIRECTION('',(1.22464679914735E-16,0.,1.));
#2191=DIRECTION('',(-1.22464679914735E-16,0.,-1.));
#2192=DIRECTION('',(-1.,0.,1.22464679914735E-16));
#2193=DIRECTION('',(1.22464679914735E-16,0.,1.));
#2194=DIRECTION('',(1.,0.,-1.22464679914735E-16));
#2195=DIRECTION('',(-1.22464679914735E-16,0.,-1.));
#2196=DIRECTION('',(-1.,0.,1.22464679914735E-16));
#2197=DIRECTION('',(1.22464679914735E-16,0.,1.));
#2198=DIRECTION('',(-1.22464679914735E-16,0.,-1.));
#2199=DIRECTION('',(-1.,0.,1.22464679914735E-16));
#2200=DIRECTION('',(1.22464679914735E-16,0.,1.));
#2201=DIRECTION('',(-1.,0.,1.22464679914735E-16));
#2202=DIRECTION('',(1.22464679914735E-16,0.,1.));
#2203=DIRECTION('',(0.,-1.,0.));
#2204=DIRECTION('',(1.22464679914735E-16,0.,1.));
#2205=DIRECTION('',(0.,-1.,0.));
#2206=DIRECTION('',(1.22464679914735E-16,0.,1.));
#2207=DIRECTION('',(1.,0.,-1.22464679914735E-16));
#2208=DIRECTION('',(-1.22464679914735E-16,0.,-1.));
#2209=DIRECTION('',(-1.,0.,1.22464679914735E-16));
#2210=DIRECTION('',(1.22464679914735E-16,0.,1.));
#2211=DIRECTION('',(-1.22464679914735E-16,0.,-1.));
#2212=DIRECTION('',(-1.,0.,1.22464679914735E-16));
#2213=DIRECTION('',(0.,1.,0.));
#2214=DIRECTION('',(-1.22464679914735E-16,0.,-1.));
#2215=DIRECTION('',(-1.,0.,1.22464679914735E-16));
#2216=DIRECTION('',(1.22464679914735E-16,0.,1.));
#2217=DIRECTION('',(-1.,0.,1.22464679914735E-16));
#2218=DIRECTION('',(1.22464679914735E-16,0.,1.));
#2219=DIRECTION('',(1.,0.,-1.22464679914735E-16));
#2220=DIRECTION('',(-1.22464679914735E-16,0.,-1.));
#2221=DIRECTION('',(-1.,0.,1.22464679914735E-16));
#2222=DIRECTION('',(1.22464679914735E-16,0.,1.));
#2223=DIRECTION('',(-1.22464679914735E-16,0.,-1.));
#2224=DIRECTION('',(-1.,0.,1.22464679914735E-16));
#2225=DIRECTION('',(-1.,0.,1.22464679914735E-16));
#2226=DIRECTION('',(1.22464679914735E-16,0.,1.));
#2227=DIRECTION('',(0.,-1.,0.));
#2228=DIRECTION('',(1.22464679914735E-16,0.,1.));
#2229=DIRECTION('',(0.,-1.,0.));
#2230=DIRECTION('',(1.22464679914735E-16,0.,1.));
#2231=DIRECTION('',(1.,0.,-1.22464679914735E-16));
#2232=DIRECTION('',(-1.22464679914735E-16,0.,-1.));
#2233=DIRECTION('',(-1.,0.,1.22464679914735E-16));
#2234=DIRECTION('',(1.22464679914735E-16,0.,1.));
#2235=DIRECTION('',(-1.22464679914735E-16,0.,-1.));
#2236=DIRECTION('',(-1.,0.,1.22464679914735E-16));
#2237=DIRECTION('',(-1.,0.,1.22464679914735E-16));
#2238=DIRECTION('',(1.22464679914735E-16,0.,1.));
#2239=DIRECTION('',(0.,-1.,0.));
#2240=DIRECTION('',(0.,-1.,0.));
#2241=DIRECTION('',(0.,1.,0.));
#2242=DIRECTION('',(-1.22464679914735E-16,0.,-1.));
#2243=DIRECTION('',(-1.,0.,1.22464679914735E-16));
#2244=DIRECTION('',(-1.,0.,1.22464679914735E-16));
#2245=DIRECTION('',(0.,1.,0.));
#2246=DIRECTION('',(-1.22464679914735E-16,0.,-1.));
#2247=DIRECTION('',(-1.,0.,1.22464679914735E-16));
#2248=DIRECTION('',(-1.,0.,1.22464679914735E-16));
#2249=DIRECTION('',(0.,1.,0.));
#2250=DIRECTION('',(-1.22464679914735E-16,0.,-1.));
#2251=DIRECTION('',(-1.,0.,1.22464679914735E-16));
#2252=DIRECTION('',(-1.,0.,1.22464679914735E-16));
#2253=DIRECTION('',(0.,1.,0.));
#2254=DIRECTION('',(-1.22464679914735E-16,0.,-1.));
#2255=DIRECTION('',(-1.,0.,1.22464679914735E-16));
#2256=DIRECTION('',(-1.,0.,1.22464679914735E-16));
#2257=DIRECTION('',(-1.,0.,1.22464679914735E-16));
#2258=DIRECTION('',(1.22464679914735E-16,0.,1.));
#2259=DIRECTION('',(0.,-1.,0.));
#2260=DIRECTION('',(0.,-1.,0.));
#2261=DIRECTION('',(0.,1.,0.));
#2262=DIRECTION('',(-1.22464679914735E-16,0.,-1.));
#2263=DIRECTION('',(-1.,0.,1.22464679914735E-16));
#2264=DIRECTION('',(-1.,0.,1.22464679914735E-16));
#2265=DIRECTION('',(1.22464679914735E-16,0.,1.));
#2266=DIRECTION('',(1.,0.,-1.22464679914735E-16));
#2267=DIRECTION('',(-1.22464679914735E-16,0.,-1.));
#2268=DIRECTION('',(-1.,0.,1.22464679914735E-16));
#2269=DIRECTION('',(-1.22464679914735E-16,0.,-1.));
#2270=DIRECTION('',(-1.,0.,1.22464679914735E-16));
#2271=DIRECTION('',(-1.22464679914735E-16,0.,-1.));
#2272=DIRECTION('',(-1.,0.,1.22464679914735E-16));
#2273=DIRECTION('',(-1.22464679914735E-16,0.,-1.));
#2274=DIRECTION('',(-1.,0.,1.22464679914735E-16));
#2275=DIRECTION('',(1.,2.11167575882123E-12,-1.22464679914735E-16));
#2276=DIRECTION('',(1.,2.11167575882123E-12,-1.22464679914735E-16));
#2277=DIRECTION('',(1.,2.11167575882123E-12,-1.22464679914735E-16));
#2278=DIRECTION('',(1.,2.11167575882123E-12,-1.22464679914735E-16));
#2279=DIRECTION('',(2.11167575882123E-12,-1.,-2.58605695887747E-28));
#2280=DIRECTION('',(-1.,-2.11167575882123E-12,1.22464679914735E-16));
#2281=DIRECTION('',(1.,2.11167575882123E-12,-1.22464679914735E-16));
#2282=DIRECTION('',(2.11167575882123E-12,-1.,-2.58605695887747E-28));
#2283=DIRECTION('',(-1.,-2.11167575882123E-12,1.22464679914735E-16));
#2284=DIRECTION('',(1.,2.11167575882123E-12,-1.22464679914735E-16));
#2285=DIRECTION('',(1.,2.11167575882123E-12,-1.22464679914735E-16));
#2286=DIRECTION('',(2.11167575882123E-12,-1.,-2.58605695887747E-28));
#2287=DIRECTION('',(1.,2.11167575882123E-12,-1.22464679914735E-16));
#2288=DIRECTION('',(1.22464679914735E-16,0.,1.));
#2289=DIRECTION('',(1.,0.,-1.22464679914735E-16));
#2290=DIRECTION('',(1.,2.11167575882123E-12,-1.22464679914735E-16));
#2291=DIRECTION('',(1.,2.11167575882123E-12,-1.22464679914735E-16));
#2292=DIRECTION('',(2.11167575882123E-12,-1.,-2.58605695887747E-28));
#2293=DIRECTION('',(2.11167575882123E-12,-1.,-2.58605695887747E-28));
#2294=DIRECTION('',(-1.,-2.11167575882123E-12,1.22464679914735E-16));
#2295=DIRECTION('',(1.,2.11167575882123E-12,-1.22464679914735E-16));
#2296=DIRECTION('',(1.,2.11167575882123E-12,-1.22464679914735E-16));
#2297=DIRECTION('',(2.11167575882123E-12,-1.,-2.58605695887747E-28));
#2298=DIRECTION('',(1.,2.11167575882123E-12,-1.22464679914735E-16));
#2299=DIRECTION('',(1.22464679914735E-16,0.,1.));
#2300=DIRECTION('',(1.,0.,-1.22464679914735E-16));
#2301=DIRECTION('',(1.,2.11167575882123E-12,-1.22464679914735E-16));
#2302=DIRECTION('',(1.,2.11167575882123E-12,-1.22464679914735E-16));
#2303=DIRECTION('',(2.11167575882123E-12,-1.,-2.58605695887747E-28));
#2304=DIRECTION('',(1.,2.11167575882123E-12,-1.22464679914735E-16));
#2305=DIRECTION('',(2.11167575882123E-12,-1.,-2.58605695887747E-28));
#2306=DIRECTION('',(-1.,-2.11167575882123E-12,1.22464679914735E-16));
#2307=CARTESIAN_POINT('',(0.,0.,0.));
#2308=CARTESIAN_POINT('',(0.117003107271611,-0.0220549052715504,0.00735));
#2309=CARTESIAN_POINT('',(0.117003107271611,-0.0220549052715504,0.00735));
#2310=CARTESIAN_POINT('',(0.115803107271611,-0.0220549052715504,0.00735));
#2311=CARTESIAN_POINT('',(0.117003107271611,-0.0220549052715504,-0.000800000000000009));
#2312=CARTESIAN_POINT('',(0.115803107271611,-0.0220549052715504,-0.000800000000000009));
#2313=CARTESIAN_POINT('',(0.0863994220001586,-1.50655000156659E-5,0.00735));
#2314=CARTESIAN_POINT('',(0.0557788383092862,-0.0220380068513686,0.00735));
#2315=CARTESIAN_POINT('',(0.0557788383092862,-0.0220380068513686,0.00735));
#2316=CARTESIAN_POINT('',(0.0545788383092862,-0.0220380068513686,0.00735));
#2317=CARTESIAN_POINT('',(0.0557788383092862,-0.0220380068513686,-0.0008));
#2318=CARTESIAN_POINT('',(0.0545788383092862,-0.0220380068513686,-0.0008));
#2319=CARTESIAN_POINT('',(0.0863994220001586,-1.50655000156659E-5,0.00735));
#2320=CARTESIAN_POINT('',(0.055787363060101,0.022033147939748,0.00735));
#2321=CARTESIAN_POINT('',(0.055787363060101,0.022033147939748,0.00735));
#2322=CARTESIAN_POINT('',(0.054587363060101,0.022033147939748,0.00735));
#2323=CARTESIAN_POINT('',(0.055787363060101,0.022033147939748,-0.0008));
#2324=CARTESIAN_POINT('',(0.054587363060101,0.022033147939748,-0.0008));
#2325=CARTESIAN_POINT('',(0.0863994220001586,-1.50655000156659E-5,0.00735));
#2326=CARTESIAN_POINT('',(0.116994609771036,0.0220332700653815,0.00735));
#2327=CARTESIAN_POINT('',(0.116994609771036,0.0220332700653815,0.00735));
#2328=CARTESIAN_POINT('',(0.115794609771036,0.0220332700653815,0.00735));
#2329=CARTESIAN_POINT('',(0.116994609771036,0.0220332700653815,-0.000800000000000009));
#2330=CARTESIAN_POINT('',(0.115794609771036,0.0220332700653815,-0.000800000000000009));
#2331=CARTESIAN_POINT('',(0.0863994220001586,-1.50655000156659E-5,0.00735));
#2332=CARTESIAN_POINT('',(0.11261341030365,-0.00166284142667429,-0.0048));
#2333=CARTESIAN_POINT('',(0.113610670094916,-0.00158886231662647,-0.00110396500825882));
#2334=CARTESIAN_POINT('',(0.113610670094916,-0.00158886231662647,-0.00123462867310266));
#2335=CARTESIAN_POINT('',(0.11361341030365,-0.0016135195170611,-0.00136043999075503));
#2336=CARTESIAN_POINT('',(0.11361341030365,-0.00166284142667428,-0.00148143727395814));
#2337=CARTESIAN_POINT('',(0.113610670094916,-0.00158886231662647,-0.00110396500825882));
#2338=CARTESIAN_POINT('',(0.11361341030365,-0.00166284142667429,-0.00148143727395814));
#2339=CARTESIAN_POINT('',(0.113610670094916,-0.00158886231662646,-0.0048));
#2340=CARTESIAN_POINT('',(0.113610670094916,-0.00158886231662646,-0.000800000000000009));
#2341=CARTESIAN_POINT('',(0.11261341030365,-0.00166284142667429,-0.000800000000000009));
#2342=CARTESIAN_POINT('',(0.11261341030365,-0.000662841426674277,-0.000800000000000009));
#2343=CARTESIAN_POINT('',(0.11261341030365,-0.000662841426674277,-0.0048));
#2344=CARTESIAN_POINT('',(0.11261341030365,-0.000662841426674277,-0.0048));
#2345=CARTESIAN_POINT('',(0.11261341030365,-0.00166284142667429,-0.0048));
#2346=CARTESIAN_POINT('',(0.11361341030365,-0.00166284142667429,-0.0048));
#2347=CARTESIAN_POINT('',(0.11361341030365,-0.00166284142667429,-0.0048));
#2348=CARTESIAN_POINT('',(0.0863994220004874,-0.0272048810001919,-0.0048));
#2349=CARTESIAN_POINT('',(0.0863994220004874,-0.0272048810001919,-0.0008));
#2350=CARTESIAN_POINT('',(0.111853131543133,-0.027204881000437,-0.000800000000000009));
#2351=CARTESIAN_POINT('',(0.0609457124578414,-0.0272048809999467,-0.0008));
#2352=CARTESIAN_POINT('',(0.0609457124578414,-0.0272048809999467,-0.0048));
#2353=CARTESIAN_POINT('',(0.0609457124578414,-0.0272048809999467,-0.0048));
#2354=CARTESIAN_POINT('',(0.0863994220004874,-0.0272048810001919,-0.0048));
#2355=CARTESIAN_POINT('',(0.111853131543133,-0.027204881000437,-0.0048));
#2356=CARTESIAN_POINT('',(0.111853131543133,-0.027204881000437,-0.0048));
#2357=CARTESIAN_POINT('',(0.0609457124578414,-0.016904929542052,-0.0048));
#2358=CARTESIAN_POINT('',(0.0609457124578414,-0.016904929542052,-0.0008));
#2359=CARTESIAN_POINT('',(0.0506457609999467,-0.016904929542052,-0.0008));
#2360=CARTESIAN_POINT('',(0.0506457609999467,-0.016904929542052,-0.0048));
#2361=CARTESIAN_POINT('',(0.0506457609999467,-0.016904929542052,-0.0048));
#2362=CARTESIAN_POINT('',(0.0609457124578414,-0.016904929542052,-0.0048));
#2363=CARTESIAN_POINT('',(0.0506457609999467,-1.50655000000014E-5,-0.0048));
#2364=CARTESIAN_POINT('',(0.0506457609999467,-1.50655000000014E-5,-0.0008));
#2365=CARTESIAN_POINT('',(0.0506457609999467,0.016874798542052,-0.0008));
#2366=CARTESIAN_POINT('',(0.0506457609999467,0.016874798542052,-0.0048));
#2367=CARTESIAN_POINT('',(0.0506457609999467,0.016874798542052,-0.0048));
#2368=CARTESIAN_POINT('',(0.0506457609999467,-1.50655000000014E-5,-0.0048));
#2369=CARTESIAN_POINT('',(0.0609457124578414,0.016874798542052,-0.0048));
#2370=CARTESIAN_POINT('',(0.0609457124578414,0.016874798542052,-0.0008));
#2371=CARTESIAN_POINT('',(0.0609457124578414,0.0271747499999467,-0.0008));
#2372=CARTESIAN_POINT('',(0.0609457124578414,0.0271747499999467,-0.0048));
#2373=CARTESIAN_POINT('',(0.0609457124578414,0.0271747499999467,-0.0048));
#2374=CARTESIAN_POINT('',(0.0609457124578414,0.016874798542052,-0.0048));
#2375=CARTESIAN_POINT('',(0.0863994211477567,0.0271747499999467,-0.0048));
#2376=CARTESIAN_POINT('',(0.0863994211477567,0.0271747499999467,-0.0008));
#2377=CARTESIAN_POINT('',(0.111853129837672,0.0271747500004057,-0.000800000000000009));
#2378=CARTESIAN_POINT('',(0.111853129837672,0.0271747500004057,-0.0048));
#2379=CARTESIAN_POINT('',(0.111853129837672,0.0271747500004057,-0.0048));
#2380=CARTESIAN_POINT('',(0.0863994211477567,0.0271747499999467,-0.0048));
#2381=CARTESIAN_POINT('',(0.111853129836213,0.01687479683632,-0.0048));
#2382=CARTESIAN_POINT('',(0.111853129836213,0.01687479683632,-0.000800000000000009));
#2383=CARTESIAN_POINT('',(0.122153083000299,0.0168747968348615,-0.000800000000000009));
#2384=CARTESIAN_POINT('',(0.122153083000299,0.0168747968348615,-0.0048));
#2385=CARTESIAN_POINT('',(0.122153083000299,0.0168747968348615,-0.0048));
#2386=CARTESIAN_POINT('',(0.111853129836213,0.01687479683632,-0.0048));
#2387=CARTESIAN_POINT('',(0.122153083000335,-1.50663541692644E-5,-0.0048));
#2388=CARTESIAN_POINT('',(0.122153083000331,0.00161901302635669,-0.000951982504129416));
#2389=CARTESIAN_POINT('',(0.122153083000331,0.00161901302635669,-0.000800000000000009));
#2390=CARTESIAN_POINT('',(0.122153083000331,0.00161901302635669,-0.00110396500825882));
#2391=CARTESIAN_POINT('',(0.122153083000335,-1.50663541692644E-5,-0.000800000000000009));
#2392=CARTESIAN_POINT('',(0.122153083000338,-0.00158886231660843,-0.000800000000000009));
#2393=CARTESIAN_POINT('',(0.122153083000338,-0.00158886231660843,-0.000951982504129416));
#2394=CARTESIAN_POINT('',(0.122153083000338,-0.00158886231660843,-0.00110396500825882));
#2395=CARTESIAN_POINT('',(0.12215308300034,-0.00258886231660844,-0.00110396500825882));
#2396=CARTESIAN_POINT('',(0.12215308300034,-0.00258886231660844,-0.00210396500825883));
#2397=CARTESIAN_POINT('',(0.122153083000354,-0.00892085947275162,-0.00210396500825883));
#2398=CARTESIAN_POINT('',(0.122153083000367,-0.0152528566288948,-0.00210396500825883));
#2399=CARTESIAN_POINT('',(0.122153083000367,-0.0152528566288948,-0.00110396500825883));
#2400=CARTESIAN_POINT('',(0.122153083000369,-0.0162528566288948,-0.00110396500825882));
#2401=CARTESIAN_POINT('',(0.122153083000369,-0.0162528566288948,-0.000951982504129416));
#2402=CARTESIAN_POINT('',(0.122153083000369,-0.0162528566288948,-0.000800000000000009));
#2403=CARTESIAN_POINT('',(0.122153083000335,-1.50663541692644E-5,-0.000800000000000009));
#2404=CARTESIAN_POINT('',(0.12215308300037,-0.0169049295432,-0.000800000000000009));
#2405=CARTESIAN_POINT('',(0.12215308300037,-0.0169049295432,-0.0048));
#2406=CARTESIAN_POINT('',(0.12215308300037,-0.0169049295432,-0.0048));
#2407=CARTESIAN_POINT('',(0.122153083000335,-1.50663541692644E-5,-0.0048));
#2408=CARTESIAN_POINT('',(0.122153083000335,-1.50663541692644E-5,-0.000800000000000009));
#2409=CARTESIAN_POINT('',(0.1221530830003,0.0162830073386431,-0.000800000000000009));
#2410=CARTESIAN_POINT('',(0.1221530830003,0.0162830073386431,-0.000951982504129416));
#2411=CARTESIAN_POINT('',(0.1221530830003,0.0162830073386431,-0.00110396500825882));
#2412=CARTESIAN_POINT('',(0.122153083000302,0.0152830073386431,-0.00110396500825883));
#2413=CARTESIAN_POINT('',(0.122153083000302,0.0152830073386431,-0.00210396500825883));
#2414=CARTESIAN_POINT('',(0.122153083000316,0.00895101018249989,-0.00210396500825883));
#2415=CARTESIAN_POINT('',(0.122153083000329,0.0026190130263567,-0.00210396500825883));
#2416=CARTESIAN_POINT('',(0.122153083000329,0.0026190130263567,-0.00110396500825882));
#2417=CARTESIAN_POINT('',(0.0675462391651251,0.0143091052357174,-0.0048));
#2418=CARTESIAN_POINT('',(0.0675462391651251,0.0143091052357174,-0.0008));
#2419=CARTESIAN_POINT('',(0.0675462391651251,0.0153091052357175,-0.0008));
#2420=CARTESIAN_POINT('',(0.0685462391651251,0.0143091052357174,-0.0008));
#2421=CARTESIAN_POINT('',(0.0675462391651251,0.0153091052357175,-0.0048));
#2422=CARTESIAN_POINT('',(0.0675462391651251,0.0153091052357175,-0.0048));
#2423=CARTESIAN_POINT('',(0.0675462391651251,0.0143091052357174,-0.0048));
#2424=CARTESIAN_POINT('',(0.0685462391651251,0.0143091052357174,-0.0048));
#2425=CARTESIAN_POINT('',(0.0685462391651251,0.0143091052357174,-0.0048));
#2426=CARTESIAN_POINT('',(0.0659473112690211,0.0153091052357175,-0.0048));
#2427=CARTESIAN_POINT('',(0.0659473112690211,0.0153091052357175,-0.0008));
#2428=CARTESIAN_POINT('',(0.0643483833729171,0.0153091052357175,-0.0008));
#2429=CARTESIAN_POINT('',(0.0643483833729171,0.0153091052357175,-0.0048));
#2430=CARTESIAN_POINT('',(0.0643483833729171,0.0153091052357175,-0.0048));
#2431=CARTESIAN_POINT('',(0.0659473112690211,0.0153091052357175,-0.0048));
#2432=CARTESIAN_POINT('',(0.0643483833729171,0.0143091052357174,-0.0048));
#2433=CARTESIAN_POINT('',(0.0643483833729171,0.0143091052357174,-0.0008));
#2434=CARTESIAN_POINT('',(0.0633483833729171,0.0143091052357174,-0.0008));
#2435=CARTESIAN_POINT('',(0.0633483833729171,0.0143091052357174,-0.0048));
#2436=CARTESIAN_POINT('',(0.0633483833729171,0.0143091052357174,-0.0048));
#2437=CARTESIAN_POINT('',(0.0643483833729171,0.0143091052357174,-0.0048));
#2438=CARTESIAN_POINT('',(0.0633483833729171,0.00093058543279767,-0.0048));
#2439=CARTESIAN_POINT('',(0.0633483833729171,0.00093058543279767,-0.0008));
#2440=CARTESIAN_POINT('',(0.0633483833729171,-0.0124479343701221,-0.0008));
#2441=CARTESIAN_POINT('',(0.0633483833729171,-0.0124479343701221,-0.0048));
#2442=CARTESIAN_POINT('',(0.0633483833729171,-0.0124479343701221,-0.0048));
#2443=CARTESIAN_POINT('',(0.0633483833729171,0.00093058543279767,-0.0048));
#2444=CARTESIAN_POINT('',(0.0643483833729171,-0.0124479343701221,-0.0048));
#2445=CARTESIAN_POINT('',(0.0643483833729171,-0.0124479343701221,-0.0008));
#2446=CARTESIAN_POINT('',(0.0643483833729171,-0.0134479343701221,-0.0008));
#2447=CARTESIAN_POINT('',(0.0643483833729171,-0.0134479343701221,-0.0048));
#2448=CARTESIAN_POINT('',(0.0643483833729171,-0.0134479343701221,-0.0048));
#2449=CARTESIAN_POINT('',(0.0643483833729171,-0.0124479343701221,-0.0048));
#2450=CARTESIAN_POINT('',(0.0659473112690211,-0.0134479343701221,-0.0048));
#2451=CARTESIAN_POINT('',(0.0659473112690211,-0.0134479343701221,-0.0008));
#2452=CARTESIAN_POINT('',(0.0675462391651251,-0.0134479343701221,-0.0008));
#2453=CARTESIAN_POINT('',(0.0675462391651251,-0.0134479343701221,-0.0048));
#2454=CARTESIAN_POINT('',(0.0675462391651251,-0.0134479343701221,-0.0048));
#2455=CARTESIAN_POINT('',(0.0659473112690211,-0.0134479343701221,-0.0048));
#2456=CARTESIAN_POINT('',(0.0675462391651251,-0.0124479343701221,-0.0048));
#2457=CARTESIAN_POINT('',(0.0675462391651251,-0.0124479343701221,-0.0008));
#2458=CARTESIAN_POINT('',(0.0685462391651251,-0.0124479343701221,-0.0008));
#2459=CARTESIAN_POINT('',(0.0685462391651251,-0.0124479343701221,-0.0048));
#2460=CARTESIAN_POINT('',(0.0685462391651251,-0.0124479343701221,-0.0048));
#2461=CARTESIAN_POINT('',(0.0675462391651251,-0.0124479343701221,-0.0048));
#2462=CARTESIAN_POINT('',(0.0930210711306908,0.00888619928061962,-0.0048));
#2463=CARTESIAN_POINT('',(0.0930210711306908,0.00888619928061962,-0.0008));
#2464=CARTESIAN_POINT('',(0.0940210711306908,0.00888619928061962,-0.0008));
#2465=CARTESIAN_POINT('',(0.0930210711306908,0.00788619928061962,-0.0008));
#2466=CARTESIAN_POINT('',(0.0940210711306908,0.00888619928061962,-0.0048));
#2467=CARTESIAN_POINT('',(0.0940210711306908,0.00888619928061962,-0.0048));
#2468=CARTESIAN_POINT('',(0.0930210711306908,0.00888619928061962,-0.0048));
#2469=CARTESIAN_POINT('',(0.0930210711306908,0.00788619928061962,-0.0048));
#2470=CARTESIAN_POINT('',(0.0930210711306908,0.00788619928061962,-0.0048));
#2471=CARTESIAN_POINT('',(0.0940210711306908,0.0104793845675886,-0.0048));
#2472=CARTESIAN_POINT('',(0.0940210711306908,0.0104793845675886,-0.0008));
#2473=CARTESIAN_POINT('',(0.0940210711306908,0.0120725698545575,-0.0008));
#2474=CARTESIAN_POINT('',(0.0940210711306908,0.0120725698545575,-0.0048));
#2475=CARTESIAN_POINT('',(0.0940210711306908,0.0120725698545575,-0.0048));
#2476=CARTESIAN_POINT('',(0.0940210711306908,0.0104793845675886,-0.0048));
#2477=CARTESIAN_POINT('',(0.0930210711306908,0.0120725698545575,-0.0048));
#2478=CARTESIAN_POINT('',(0.0930210711306908,0.0120725698545575,-0.0008));
#2479=CARTESIAN_POINT('',(0.0930210711306908,0.0130725698545575,-0.0008));
#2480=CARTESIAN_POINT('',(0.0930210711306908,0.0130725698545575,-0.0048));
#2481=CARTESIAN_POINT('',(0.0930210711306908,0.0130725698545575,-0.0048));
#2482=CARTESIAN_POINT('',(0.0930210711306908,0.0120725698545575,-0.0048));
#2483=CARTESIAN_POINT('',(0.0915531066676967,0.0130725698545575,-0.0048));
#2484=CARTESIAN_POINT('',(0.0915531066676967,0.0130725698545575,-0.0008));
#2485=CARTESIAN_POINT('',(0.0900851422047025,0.0130725698545575,-0.0008));
#2486=CARTESIAN_POINT('',(0.0900851422047025,0.0130725698545575,-0.0048));
#2487=CARTESIAN_POINT('',(0.0900851422047025,0.0130725698545575,-0.0048));
#2488=CARTESIAN_POINT('',(0.0915531066676967,0.0130725698545575,-0.0048));
#2489=CARTESIAN_POINT('',(0.0900851422047025,0.0120725698545575,-0.0048));
#2490=CARTESIAN_POINT('',(0.0900851422047025,0.0120725698545575,-0.0008));
#2491=CARTESIAN_POINT('',(0.0890851422047025,0.0120725698545575,-0.0008));
#2492=CARTESIAN_POINT('',(0.0890851422047025,0.0120725698545575,-0.0048));
#2493=CARTESIAN_POINT('',(0.0890851422047025,0.0120725698545575,-0.0048));
#2494=CARTESIAN_POINT('',(0.0900851422047025,0.0120725698545575,-0.0048));
#2495=CARTESIAN_POINT('',(0.0890851422047025,0.0104793845675886,-0.0048));
#2496=CARTESIAN_POINT('',(0.0890851422047025,0.0104793845675886,-0.0008));
#2497=CARTESIAN_POINT('',(0.0890851422047025,0.00888619928061962,-0.0008));
#2498=CARTESIAN_POINT('',(0.0890851422047025,0.00888619928061962,-0.0048));
#2499=CARTESIAN_POINT('',(0.0890851422047025,0.00888619928061962,-0.0048));
#2500=CARTESIAN_POINT('',(0.0890851422047025,0.0104793845675886,-0.0048));
#2501=CARTESIAN_POINT('',(0.0900851422047025,0.00888619928061962,-0.0048));
#2502=CARTESIAN_POINT('',(0.0900851422047025,0.00888619928061962,-0.0008));
#2503=CARTESIAN_POINT('',(0.0900851422047025,0.00788619928061962,-0.0008));
#2504=CARTESIAN_POINT('',(0.0900851422047025,0.00788619928061962,-0.0048));
#2505=CARTESIAN_POINT('',(0.0900851422047025,0.00788619928061962,-0.0048));
#2506=CARTESIAN_POINT('',(0.0900851422047025,0.00888619928061962,-0.0048));
#2507=CARTESIAN_POINT('',(0.0816295774060317,0.00231062185391783,-0.0048));
#2508=CARTESIAN_POINT('',(0.0816295774060317,0.00231062185391783,-0.0008));
#2509=CARTESIAN_POINT('',(0.0826295774060317,0.00231062185391783,-0.0008));
#2510=CARTESIAN_POINT('',(0.0816295774060317,0.00131062185391784,-0.0008));
#2511=CARTESIAN_POINT('',(0.0826295774060317,0.00231062185391783,-0.0048));
#2512=CARTESIAN_POINT('',(0.0826295774060317,0.00231062185391783,-0.0048));
#2513=CARTESIAN_POINT('',(0.0816295774060317,0.00231062185391783,-0.0048));
#2514=CARTESIAN_POINT('',(0.0816295774060317,0.00131062185391784,-0.0048));
#2515=CARTESIAN_POINT('',(0.0816295774060317,0.00131062185391784,-0.0048));
#2516=CARTESIAN_POINT('',(0.0826295774060317,0.00378804001957178,-0.0048));
#2517=CARTESIAN_POINT('',(0.0826295774060317,0.00378804001957178,-0.0008));
#2518=CARTESIAN_POINT('',(0.0826295774060317,0.00526545818522573,-0.0008));
#2519=CARTESIAN_POINT('',(0.0826295774060317,0.00526545818522573,-0.0048));
#2520=CARTESIAN_POINT('',(0.0826295774060317,0.00526545818522573,-0.0048));
#2521=CARTESIAN_POINT('',(0.0826295774060317,0.00378804001957178,-0.0048));
#2522=CARTESIAN_POINT('',(0.0816295774060317,0.00526545818522572,-0.0048));
#2523=CARTESIAN_POINT('',(0.0816295774060317,0.00526545818522572,-0.0008));
#2524=CARTESIAN_POINT('',(0.0816295774060317,0.00626545818522573,-0.0008));
#2525=CARTESIAN_POINT('',(0.0816295774060317,0.00626545818522573,-0.0048));
#2526=CARTESIAN_POINT('',(0.0816295774060317,0.00626545818522573,-0.0048));
#2527=CARTESIAN_POINT('',(0.0816295774060317,0.00526545818522572,-0.0048));
#2528=CARTESIAN_POINT('',(0.0795038629186355,0.00626545818522573,-0.0048));
#2529=CARTESIAN_POINT('',(0.0795038629186355,0.00626545818522573,-0.0008));
#2530=CARTESIAN_POINT('',(0.0773781484312393,0.00626545818522573,-0.0008));
#2531=CARTESIAN_POINT('',(0.0773781484312393,0.00626545818522573,-0.0048));
#2532=CARTESIAN_POINT('',(0.0773781484312393,0.00626545818522573,-0.0048));
#2533=CARTESIAN_POINT('',(0.0795038629186355,0.00626545818522573,-0.0048));
#2534=CARTESIAN_POINT('',(0.0773781484312393,0.00526545818522573,-0.0048));
#2535=CARTESIAN_POINT('',(0.0773781484312393,0.00526545818522573,-0.0008));
#2536=CARTESIAN_POINT('',(0.0763781484312393,0.00526545818522573,-0.0008));
#2537=CARTESIAN_POINT('',(0.0763781484312393,0.00526545818522573,-0.0048));
#2538=CARTESIAN_POINT('',(0.0763781484312393,0.00526545818522573,-0.0048));
#2539=CARTESIAN_POINT('',(0.0773781484312393,0.00526545818522573,-0.0048));
#2540=CARTESIAN_POINT('',(0.0763781484312393,0.00378804001957178,-0.0048));
#2541=CARTESIAN_POINT('',(0.0763781484312393,0.00378804001957178,-0.0008));
#2542=CARTESIAN_POINT('',(0.0763781484312393,0.00231062185391783,-0.0008));
#2543=CARTESIAN_POINT('',(0.0763781484312393,0.00231062185391783,-0.0048));
#2544=CARTESIAN_POINT('',(0.0763781484312393,0.00231062185391783,-0.0048));
#2545=CARTESIAN_POINT('',(0.0763781484312393,0.00378804001957178,-0.0048));
#2546=CARTESIAN_POINT('',(0.0773781484312393,0.00231062185391783,-0.0048));
#2547=CARTESIAN_POINT('',(0.0773781484312393,0.00231062185391783,-0.0008));
#2548=CARTESIAN_POINT('',(0.0773781484312393,0.00131062185391783,-0.0008));
#2549=CARTESIAN_POINT('',(0.0773781484312393,0.00131062185391783,-0.0048));
#2550=CARTESIAN_POINT('',(0.0773781484312393,0.00131062185391783,-0.0048));
#2551=CARTESIAN_POINT('',(0.0773781484312393,0.00231062185391783,-0.0048));
#2552=CARTESIAN_POINT('',(0.09043344863346,-0.00887133756279945,-0.0048));
#2553=CARTESIAN_POINT('',(0.09043344863346,-0.00887133756279945,-0.0008));
#2554=CARTESIAN_POINT('',(0.09143344863346,-0.00887133756279945,-0.0008));
#2555=CARTESIAN_POINT('',(0.09043344863346,-0.00987133756279945,-0.0008));
#2556=CARTESIAN_POINT('',(0.09143344863346,-0.00887133756279945,-0.0048));
#2557=CARTESIAN_POINT('',(0.09143344863346,-0.00887133756279945,-0.0048));
#2558=CARTESIAN_POINT('',(0.09043344863346,-0.00887133756279945,-0.0048));
#2559=CARTESIAN_POINT('',(0.09043344863346,-0.00987133756279945,-0.0048));
#2560=CARTESIAN_POINT('',(0.09043344863346,-0.00987133756279945,-0.0048));
#2561=CARTESIAN_POINT('',(0.09143344863346,-0.00674998632166535,-0.0048));
#2562=CARTESIAN_POINT('',(0.09143344863346,-0.00674998632166535,-0.0008));
#2563=CARTESIAN_POINT('',(0.09143344863346,-0.00462863508053124,-0.0008));
#2564=CARTESIAN_POINT('',(0.09143344863346,-0.00462863508053124,-0.0048));
#2565=CARTESIAN_POINT('',(0.09143344863346,-0.00462863508053124,-0.0048));
#2566=CARTESIAN_POINT('',(0.09143344863346,-0.00674998632166535,-0.0048));
#2567=CARTESIAN_POINT('',(0.09043344863346,-0.00462863508053124,-0.0048));
#2568=CARTESIAN_POINT('',(0.09043344863346,-0.00462863508053124,-0.0008));
#2569=CARTESIAN_POINT('',(0.09043344863346,-0.00362863508053124,-0.0008));
#2570=CARTESIAN_POINT('',(0.09043344863346,-0.00362863508053124,-0.0048));
#2571=CARTESIAN_POINT('',(0.09043344863346,-0.00362863508053124,-0.0048));
#2572=CARTESIAN_POINT('',(0.09043344863346,-0.00462863508053124,-0.0048));
#2573=CARTESIAN_POINT('',(0.0890851422047025,-0.00362863508053124,-0.0048));
#2574=CARTESIAN_POINT('',(0.0890851422047025,-0.00362863508053124,-0.0008));
#2575=CARTESIAN_POINT('',(0.087736835775945,-0.00362863508053124,-0.0008));
#2576=CARTESIAN_POINT('',(0.087736835775945,-0.00362863508053124,-0.0048));
#2577=CARTESIAN_POINT('',(0.087736835775945,-0.00362863508053124,-0.0048));
#2578=CARTESIAN_POINT('',(0.0890851422047025,-0.00362863508053124,-0.0048));
#2579=CARTESIAN_POINT('',(0.087736835775945,-0.00462863508053124,-0.0048));
#2580=CARTESIAN_POINT('',(0.087736835775945,-0.00462863508053124,-0.0008));
#2581=CARTESIAN_POINT('',(0.086736835775945,-0.00462863508053124,-0.0008));
#2582=CARTESIAN_POINT('',(0.086736835775945,-0.00462863508053124,-0.0048));
#2583=CARTESIAN_POINT('',(0.086736835775945,-0.00462863508053124,-0.0048));
#2584=CARTESIAN_POINT('',(0.087736835775945,-0.00462863508053124,-0.0048));
#2585=CARTESIAN_POINT('',(0.086736835775945,-0.00674998632166535,-0.0048));
#2586=CARTESIAN_POINT('',(0.086736835775945,-0.00674998632166535,-0.0008));
#2587=CARTESIAN_POINT('',(0.086736835775945,-0.00887133756279945,-0.0008));
#2588=CARTESIAN_POINT('',(0.086736835775945,-0.00887133756279945,-0.0048));
#2589=CARTESIAN_POINT('',(0.086736835775945,-0.00887133756279945,-0.0048));
#2590=CARTESIAN_POINT('',(0.086736835775945,-0.00674998632166535,-0.0048));
#2591=CARTESIAN_POINT('',(0.087736835775945,-0.00887133756279945,-0.0048));
#2592=CARTESIAN_POINT('',(0.087736835775945,-0.00887133756279945,-0.0008));
#2593=CARTESIAN_POINT('',(0.087736835775945,-0.00987133756279946,-0.0008));
#2594=CARTESIAN_POINT('',(0.087736835775945,-0.00987133756279946,-0.0048));
#2595=CARTESIAN_POINT('',(0.087736835775945,-0.00987133756279946,-0.0048));
#2596=CARTESIAN_POINT('',(0.087736835775945,-0.00887133756279945,-0.0048));
#2597=CARTESIAN_POINT('',(0.112640661517439,0.0018,-0.0048));
#2598=CARTESIAN_POINT('',(0.113624147010654,0.00161901302633869,-0.0048));
#2599=CARTESIAN_POINT('',(0.113624147010654,0.00161901302633869,-0.00110396500825882));
#2600=CARTESIAN_POINT('',(0.113624147010654,0.00161901302633869,-0.000800000000000009));
#2601=CARTESIAN_POINT('',(0.113640661517439,0.0018,-0.00167773993162817));
#2602=CARTESIAN_POINT('',(0.113640661517439,0.00168206779443136,-0.00150940212415065));
#2603=CARTESIAN_POINT('',(0.113624147010654,0.00161901302633868,-0.00130943299936419));
#2604=CARTESIAN_POINT('',(0.113624147010654,0.00161901302633869,-0.00110396500825882));
#2605=CARTESIAN_POINT('',(0.113640661517439,0.0018,-0.00167773993162817));
#2606=CARTESIAN_POINT('',(0.113640661517439,0.0018,-0.0048));
#2607=CARTESIAN_POINT('',(0.113640661517439,0.0018,-0.0048));
#2608=CARTESIAN_POINT('',(0.112640661517439,0.0018,-0.0048));
#2609=CARTESIAN_POINT('',(0.112640661517439,0.0008,-0.0048));
#2610=CARTESIAN_POINT('',(0.112640661517439,0.0008,-0.0048));
#2611=CARTESIAN_POINT('',(0.112640661517439,0.0008,-0.000800000000000009));
#2612=CARTESIAN_POINT('',(0.112640661517439,0.0018,-0.000800000000000009));
#2613=CARTESIAN_POINT('',(0.113640661517439,0.00925874447259121,-0.0048));
#2614=CARTESIAN_POINT('',(0.113640661517439,0.00261901302633872,-0.00110396500825882));
#2615=CARTESIAN_POINT('',(0.113640661517439,0.00261901302633872,-0.00210396500825883));
#2616=CARTESIAN_POINT('',(0.113640661517439,0.00925874447259121,-0.00210396500825883));
#2617=CARTESIAN_POINT('',(0.113640661517439,0.0152830073386251,-0.00210396500825883));
#2618=CARTESIAN_POINT('',(0.113640661517439,0.0152830073386251,-0.00110396500825883));
#2619=CARTESIAN_POINT('',(0.113640661517439,0.0162830073386251,-0.00110396500825882));
#2620=CARTESIAN_POINT('',(0.113640661517439,0.0162830073386251,-0.0048));
#2621=CARTESIAN_POINT('',(0.113640661517439,0.0162830073386069,-0.000800000000000009));
#2622=CARTESIAN_POINT('',(0.113640661517439,0.00925874447259121,-0.000800000000000009));
#2623=CARTESIAN_POINT('',(0.113640661517439,0.0167174889451824,-0.000800000000000009));
#2624=CARTESIAN_POINT('',(0.113640661517439,0.0167174889451824,-0.0048));
#2625=CARTESIAN_POINT('',(0.113640661517439,0.0167174889451824,-0.0048));
#2626=CARTESIAN_POINT('',(0.113640661517439,0.00925874447259121,-0.0048));
#2627=CARTESIAN_POINT('',(0.112640661517439,0.0167174889451824,-0.0048));
#2628=CARTESIAN_POINT('',(0.112640661517439,0.0167174889451824,-0.000800000000000009));
#2629=CARTESIAN_POINT('',(0.112640661517439,0.0177174889451824,-0.000800000000000009));
#2630=CARTESIAN_POINT('',(0.112640661517439,0.0177174889451824,-0.0048));
#2631=CARTESIAN_POINT('',(0.112640661517439,0.0177174889451824,-0.0048));
#2632=CARTESIAN_POINT('',(0.112640661517439,0.0167174889451824,-0.0048));
#2633=CARTESIAN_POINT('',(0.104896148832796,0.0177174889451824,-0.0048));
#2634=CARTESIAN_POINT('',(0.104896148832796,0.0177174889451824,-0.0008));
#2635=CARTESIAN_POINT('',(0.0971516361481526,0.0177174889451824,-0.0008));
#2636=CARTESIAN_POINT('',(0.0971516361481526,0.0177174889451824,-0.0048));
#2637=CARTESIAN_POINT('',(0.0971516361481526,0.0177174889451824,-0.0048));
#2638=CARTESIAN_POINT('',(0.104896148832796,0.0177174889451824,-0.0048));
#2639=CARTESIAN_POINT('',(0.0971516361481526,0.0167174889451824,-0.0048));
#2640=CARTESIAN_POINT('',(0.0971516361481526,0.0167174889451824,-0.0008));
#2641=CARTESIAN_POINT('',(0.0961516361481526,0.0167174889451824,-0.0008));
#2642=CARTESIAN_POINT('',(0.0961516361481526,0.0167174889451824,-0.0048));
#2643=CARTESIAN_POINT('',(0.0961516361481526,0.0167174889451824,-0.0048));
#2644=CARTESIAN_POINT('',(0.0971516361481526,0.0167174889451824,-0.0048));
#2645=CARTESIAN_POINT('',(0.0961516361481526,0.00925874447259121,-0.0048));
#2646=CARTESIAN_POINT('',(0.0961516361481526,0.00925874447259121,-0.0008));
#2647=CARTESIAN_POINT('',(0.0961516361481526,0.0018,-0.0008));
#2648=CARTESIAN_POINT('',(0.0961516361481526,0.0018,-0.0048));
#2649=CARTESIAN_POINT('',(0.0961516361481526,0.0018,-0.0048));
#2650=CARTESIAN_POINT('',(0.0961516361481526,0.00925874447259121,-0.0048));
#2651=CARTESIAN_POINT('',(0.0971516361481526,0.0018,-0.0048));
#2652=CARTESIAN_POINT('',(0.0971516361481526,0.0018,-0.0008));
#2653=CARTESIAN_POINT('',(0.0971516361481526,0.0008,-0.0008));
#2654=CARTESIAN_POINT('',(0.0971516361481526,0.0008,-0.0048));
#2655=CARTESIAN_POINT('',(0.0971516361481526,0.0008,-0.0048));
#2656=CARTESIAN_POINT('',(0.0971516361481526,0.0018,-0.0048));
#2657=CARTESIAN_POINT('',(0.0971243849343636,-0.0165803303718567,-0.0048));
#2658=CARTESIAN_POINT('',(0.0971243849343636,-0.0165803303718567,-0.0008));
#2659=CARTESIAN_POINT('',(0.0971243849343636,-0.0175803303718567,-0.0008));
#2660=CARTESIAN_POINT('',(0.0961243849343636,-0.0165803303718567,-0.0008));
#2661=CARTESIAN_POINT('',(0.0971243849343636,-0.0175803303718567,-0.0048));
#2662=CARTESIAN_POINT('',(0.0971243849343636,-0.0175803303718567,-0.0048));
#2663=CARTESIAN_POINT('',(0.0971243849343636,-0.0165803303718567,-0.0048));
#2664=CARTESIAN_POINT('',(0.0961243849343636,-0.0165803303718567,-0.0048));
#2665=CARTESIAN_POINT('',(0.0961243849343636,-0.0165803303718567,-0.0048));
#2666=CARTESIAN_POINT('',(0.104868897619007,-0.0175803303718567,-0.0048));
#2667=CARTESIAN_POINT('',(0.104868897619007,-0.0175803303718567,-0.0008));
#2668=CARTESIAN_POINT('',(0.11261341030365,-0.0175803303718567,-0.000800000000000009));
#2669=CARTESIAN_POINT('',(0.11261341030365,-0.0175803303718567,-0.0048));
#2670=CARTESIAN_POINT('',(0.11261341030365,-0.0175803303718567,-0.0048));
#2671=CARTESIAN_POINT('',(0.104868897619007,-0.0175803303718567,-0.0048));
#2672=CARTESIAN_POINT('',(0.11261341030365,-0.0165803303718567,-0.0048));
#2673=CARTESIAN_POINT('',(0.11261341030365,-0.0165803303718567,-0.000800000000000009));
#2674=CARTESIAN_POINT('',(0.11361341030365,-0.0165803303718567,-0.000800000000000009));
#2675=CARTESIAN_POINT('',(0.11361341030365,-0.0165803303718567,-0.0048));
#2676=CARTESIAN_POINT('',(0.11361341030365,-0.0165803303718567,-0.0048));
#2677=CARTESIAN_POINT('',(0.11261341030365,-0.0165803303718567,-0.0048));
#2678=CARTESIAN_POINT('',(0.11361341030365,-0.00912158589926548,-0.0048));
#2679=CARTESIAN_POINT('',(0.11361341030365,-0.0162528566289128,-0.0048));
#2680=CARTESIAN_POINT('',(0.11361341030365,-0.0162528566289128,-0.00110396500825882));
#2681=CARTESIAN_POINT('',(0.11361341030365,-0.0162528566289128,-0.000800000000000009));
#2682=CARTESIAN_POINT('',(0.11361341030365,-0.0152528566289128,-0.00110396500825883));
#2683=CARTESIAN_POINT('',(0.11361341030365,-0.0152528566289128,-0.00210396500825883));
#2684=CARTESIAN_POINT('',(0.11361341030365,-0.00912158589926548,-0.00210396500825883));
#2685=CARTESIAN_POINT('',(0.11361341030365,-0.00258886231662646,-0.00210396500825883));
#2686=CARTESIAN_POINT('',(0.11361341030365,-0.00258886231662646,-0.00110396500825882));
#2687=CARTESIAN_POINT('',(0.11361341030365,-0.00912158589926548,-0.0048));
#2688=CARTESIAN_POINT('',(0.11361341030365,-0.00912158589926548,-0.000800000000000009));
#2689=CARTESIAN_POINT('',(0.104868897619007,-0.000662841426674277,-0.0048));
#2690=CARTESIAN_POINT('',(0.104868897619007,-0.000662841426674277,-0.0008));
#2691=CARTESIAN_POINT('',(0.0971243849343636,-0.000662841426674277,-0.0008));
#2692=CARTESIAN_POINT('',(0.0971243849343636,-0.000662841426674277,-0.0048));
#2693=CARTESIAN_POINT('',(0.0971243849343636,-0.000662841426674277,-0.0048));
#2694=CARTESIAN_POINT('',(0.104868897619007,-0.000662841426674277,-0.0048));
#2695=CARTESIAN_POINT('',(0.0971243849343636,-0.00166284142667428,-0.0048));
#2696=CARTESIAN_POINT('',(0.0971243849343636,-0.00166284142667428,-0.0008));
#2697=CARTESIAN_POINT('',(0.0961243849343636,-0.00166284142667429,-0.0008));
#2698=CARTESIAN_POINT('',(0.0961243849343636,-0.00166284142667429,-0.0048));
#2699=CARTESIAN_POINT('',(0.0961243849343636,-0.00166284142667429,-0.0048));
#2700=CARTESIAN_POINT('',(0.0971243849343636,-0.00166284142667428,-0.0048));
#2701=CARTESIAN_POINT('',(0.0830646975304016,-0.00860037112236023,-0.0048));
#2702=CARTESIAN_POINT('',(0.0830646975304016,-0.00860037112236023,-0.0008));
#2703=CARTESIAN_POINT('',(0.0840646975304016,-0.00860037112236023,-0.0008));
#2704=CARTESIAN_POINT('',(0.0830646975304016,-0.00960037112236023,-0.0008));
#2705=CARTESIAN_POINT('',(0.0840646975304016,-0.00860037112236023,-0.0048));
#2706=CARTESIAN_POINT('',(0.0840646975304016,-0.00860037112236023,-0.0048));
#2707=CARTESIAN_POINT('',(0.0830646975304016,-0.00860037112236023,-0.0048));
#2708=CARTESIAN_POINT('',(0.0830646975304016,-0.00960037112236023,-0.0048));
#2709=CARTESIAN_POINT('',(0.0830646975304016,-0.00960037112236023,-0.0048));
#2710=CARTESIAN_POINT('',(0.0840646975304016,-0.0052001697185915,-0.0048));
#2711=CARTESIAN_POINT('',(0.0840646975304016,-0.0052001697185915,-0.0008));
#2712=CARTESIAN_POINT('',(0.0840646975304016,-0.00179996831482276,-0.0008));
#2713=CARTESIAN_POINT('',(0.0840646975304016,-0.00179996831482276,-0.0048));
#2714=CARTESIAN_POINT('',(0.0840646975304016,-0.00179996831482276,-0.0048));
#2715=CARTESIAN_POINT('',(0.0840646975304016,-0.0052001697185915,-0.0048));
#2716=CARTESIAN_POINT('',(0.0830646975304016,-0.00179996831482276,-0.0048));
#2717=CARTESIAN_POINT('',(0.0830646975304016,-0.00179996831482276,-0.0008));
#2718=CARTESIAN_POINT('',(0.0830646975304016,-0.000799968314822763,-0.0008));
#2719=CARTESIAN_POINT('',(0.0830646975304016,-0.000799968314822763,-0.0048));
#2720=CARTESIAN_POINT('',(0.0830646975304016,-0.000799968314822763,-0.0048));
#2721=CARTESIAN_POINT('',(0.0830646975304016,-0.00179996831482276,-0.0048));
#2722=CARTESIAN_POINT('',(0.0775097580955379,-0.000799968314822763,-0.0048));
#2723=CARTESIAN_POINT('',(0.0775097580955379,-0.000799968314822763,-0.0008));
#2724=CARTESIAN_POINT('',(0.0719548186606743,-0.000799968314822757,-0.0008));
#2725=CARTESIAN_POINT('',(0.0719548186606743,-0.000799968314822757,-0.0048));
#2726=CARTESIAN_POINT('',(0.0719548186606743,-0.000799968314822757,-0.0048));
#2727=CARTESIAN_POINT('',(0.0775097580955379,-0.000799968314822763,-0.0048));
#2728=CARTESIAN_POINT('',(0.0719548186606743,-0.00179996831482276,-0.0048));
#2729=CARTESIAN_POINT('',(0.0719548186606743,-0.00179996831482276,-0.0008));
#2730=CARTESIAN_POINT('',(0.0709548186606743,-0.00179996831482276,-0.0008));
#2731=CARTESIAN_POINT('',(0.0709548186606743,-0.00179996831482276,-0.0048));
#2732=CARTESIAN_POINT('',(0.0709548186606743,-0.00179996831482276,-0.0048));
#2733=CARTESIAN_POINT('',(0.0719548186606743,-0.00179996831482276,-0.0048));
#2734=CARTESIAN_POINT('',(0.0709548186606743,-0.0052001697185915,-0.0048));
#2735=CARTESIAN_POINT('',(0.0709548186606743,-0.0052001697185915,-0.0008));
#2736=CARTESIAN_POINT('',(0.0709548186606743,-0.00860037112236023,-0.0008));
#2737=CARTESIAN_POINT('',(0.0709548186606743,-0.00860037112236023,-0.0048));
#2738=CARTESIAN_POINT('',(0.0709548186606743,-0.00860037112236023,-0.0048));
#2739=CARTESIAN_POINT('',(0.0709548186606743,-0.0052001697185915,-0.0048));
#2740=CARTESIAN_POINT('',(0.0719548186606743,-0.00860037112236022,-0.0048));
#2741=CARTESIAN_POINT('',(0.0719548186606743,-0.00860037112236022,-0.0008));
#2742=CARTESIAN_POINT('',(0.0719548186606743,-0.00960037112236023,-0.0008));
#2743=CARTESIAN_POINT('',(0.0719548186606743,-0.00960037112236023,-0.0048));
#2744=CARTESIAN_POINT('',(0.0719548186606743,-0.00960037112236023,-0.0048));
#2745=CARTESIAN_POINT('',(0.0719548186606743,-0.00860037112236022,-0.0048));
#2746=CARTESIAN_POINT('',(0.0685462391651251,0.00093058543279767,-0.0048));
#2747=CARTESIAN_POINT('',(0.0685462391651251,0.00093058543279767,-0.0008));
#2748=CARTESIAN_POINT('',(0.0685462391651251,0.00093058543279767,-0.0048));
#2749=CARTESIAN_POINT('',(0.0915531066676967,0.00788619928061962,-0.0048));
#2750=CARTESIAN_POINT('',(0.0915531066676967,0.00788619928061962,-0.0008));
#2751=CARTESIAN_POINT('',(0.0915531066676967,0.00788619928061962,-0.0048));
#2752=CARTESIAN_POINT('',(0.0795038629186355,0.00131062185391784,-0.0048));
#2753=CARTESIAN_POINT('',(0.0795038629186355,0.00131062185391784,-0.0008));
#2754=CARTESIAN_POINT('',(0.0795038629186355,0.00131062185391784,-0.0048));
#2755=CARTESIAN_POINT('',(0.0890851422047025,-0.00987133756279945,-0.0048));
#2756=CARTESIAN_POINT('',(0.0890851422047025,-0.00987133756279945,-0.0008));
#2757=CARTESIAN_POINT('',(0.0890851422047025,-0.00987133756279945,-0.0048));
#2758=CARTESIAN_POINT('',(0.104896148832796,0.0008,-0.0048));
#2759=CARTESIAN_POINT('',(0.104896148832796,0.0008,-0.0008));
#2760=CARTESIAN_POINT('',(0.104896148832796,0.0008,-0.0048));
#2761=CARTESIAN_POINT('',(0.0961243849343636,-0.00912158589926548,-0.0048));
#2762=CARTESIAN_POINT('',(0.0961243849343636,-0.00912158589926548,-0.0008));
#2763=CARTESIAN_POINT('',(0.0961243849343636,-0.00912158589926548,-0.0048));
#2764=CARTESIAN_POINT('',(0.0775097580955379,-0.00960037112236023,-0.0048));
#2765=CARTESIAN_POINT('',(0.0775097580955379,-0.00960037112236023,-0.0008));
#2766=CARTESIAN_POINT('',(0.0775097580955379,-0.00960037112236023,-0.0048));
#2767=CARTESIAN_POINT('',(0.111853131543133,-0.0169049295432,-0.0048));
#2768=CARTESIAN_POINT('',(0.111853131543133,-0.0169049295432,-0.000800000000000009));
#2769=CARTESIAN_POINT('',(0.111853131543133,-0.0169049295432,-0.0048));
#2770=CARTESIAN_POINT('',(0.0863994220001586,-1.50655000156659E-5,-0.0048));
#2771=CARTESIAN_POINT('',(0.0863994220001586,-1.50655000156659E-5,-0.0008));
#2772=CARTESIAN_POINT('',(0.0963530830003003,0.0162830073385886,-0.0008));
#2773=CARTESIAN_POINT('',(0.096353083000369,-0.0162528566289493,-0.0008));
#2774=CARTESIAN_POINT('',(0.0963530830003381,-0.00158886231666291,-0.0008));
#2775=CARTESIAN_POINT('',(0.0963530830003313,0.00161901302630222,-0.0008));
#2776=CARTESIAN_POINT('',(0.0963530830003381,-0.00158886231666291,-0.000951982504129416));
#2777=CARTESIAN_POINT('',(0.0963530830003381,-0.00158886231666291,-0.00110396500825882));
#2778=CARTESIAN_POINT('',(0.096353083000369,-0.0162528566289493,-0.000951982504129416));
#2779=CARTESIAN_POINT('',(0.096353083000369,-0.0162528566289493,-0.00110396500825882));
#2780=CARTESIAN_POINT('',(0.0963530830003669,-0.0152528566289493,-0.00110396500825883));
#2781=CARTESIAN_POINT('',(0.0963530830003669,-0.0152528566289493,-0.00210396500825883));
#2782=CARTESIAN_POINT('',(0.0963530830003536,-0.0089208594728061,-0.00210396500825883));
#2783=CARTESIAN_POINT('',(0.0963530830003402,-0.00258886231666292,-0.00210396500825883));
#2784=CARTESIAN_POINT('',(0.0963530830003402,-0.00258886231666292,-0.00110396500825882));
#2785=CARTESIAN_POINT('',(0.0963530830003313,0.00161901302630222,-0.000951982504129416));
#2786=CARTESIAN_POINT('',(0.0963530830003313,0.00161901302630222,-0.00110396500825882));
#2787=CARTESIAN_POINT('',(0.0963530830003292,0.00261901302630222,-0.00110396500825882));
#2788=CARTESIAN_POINT('',(0.0963530830003292,0.00261901302630222,-0.00210396500825883));
#2789=CARTESIAN_POINT('',(0.0963530830003158,0.00895101018244541,-0.00210396500825883));
#2790=CARTESIAN_POINT('',(0.0963530830003024,0.0152830073385886,-0.00210396500825883));
#2791=CARTESIAN_POINT('',(0.0963530830003024,0.0152830073385886,-0.00110396500825883));
#2792=CARTESIAN_POINT('',(0.0963530830003003,0.0162830073385886,-0.00110396500825882));
#2793=CARTESIAN_POINT('',(0.0963530830003003,0.0162830073385886,-0.000951982504129416));
#2794=MECHANICAL_DESIGN_GEOMETRIC_PRESENTATION_REPRESENTATION('',(#1647),
#2795);
#2795=(
GEOMETRIC_REPRESENTATION_CONTEXT(3)
GLOBAL_UNCERTAINTY_ASSIGNED_CONTEXT((#2796))
GLOBAL_UNIT_ASSIGNED_CONTEXT((#2799,#2798,#2797))
REPRESENTATION_CONTEXT('Part 2','TOP_LEVEL_ASSEMBLY_PART')
);
#2796=UNCERTAINTY_MEASURE_WITH_UNIT(LENGTH_MEASURE(2.E-5),#2799,
'DISTANCE_ACCURACY_VALUE','Maximum Tolerance applied to model');
#2797=(
NAMED_UNIT(*)
SI_UNIT($,.STERADIAN.)
SOLID_ANGLE_UNIT()
);
#2798=(
NAMED_UNIT(*)
PLANE_ANGLE_UNIT()
SI_UNIT($,.RADIAN.)
);
#2799=(
LENGTH_UNIT()
NAMED_UNIT(*)
SI_UNIT($,.METRE.)
);
#2800=PRODUCT_DEFINITION_SHAPE('','',#2801);
#2801=PRODUCT_DEFINITION('','',#2803,#2802);
#2802=PRODUCT_DEFINITION_CONTEXT('',#2809,'design');
#2803=PRODUCT_DEFINITION_FORMATION_WITH_SPECIFIED_SOURCE('','',#2805,
 .NOT_KNOWN.);
#2804=PRODUCT_RELATED_PRODUCT_CATEGORY('','',(#2805));
#2805=PRODUCT('Part 2','Part 2','Part 2',(#2807));
#2806=PRODUCT_CATEGORY('','');
#2807=PRODUCT_CONTEXT('',#2809,'mechanical');
#2808=APPLICATION_PROTOCOL_DEFINITION('international standard',
'ap242_managed_model_based_3d_engineering',2020,#2809);
#2809=APPLICATION_CONTEXT('managed model based 3d engineering');
ENDSEC;
END-ISO-10303-21;
